Performer,Storage Location,Folder Image
Abigaile Johnson,<change me>Eastern Bloc/Czech/Abigaile Johnson (Czech),http://www.iafd.com/graphics/headshots/abigailejohnson_f_abigaile_johnson_ddf2.jpg
Alex Black,<change me>Eastern Bloc/Czech/Alex Black (Czech),http://www.iafd.com/graphics/headshots/alexblack_15_f_alex_black_ddf.jpg
Alexis Crystal,<change me>Eastern Bloc/Czech/Alexis Crystal (Czech),http://www.iafd.com/graphics/headshots/alexiscrystal_f_alexxis-140.jpg
Alice Nice,<change me>Eastern Bloc/Czech/Alice Nice (Czech),http://www.iafd.com/graphics/headshots/alicenice_f_alicenice.jpg
Anabelle,<change me>Eastern Bloc/Czech/Anabelle (Czech),http://www.iafd.com/graphics/headshots/anabelle_15_cz_f_anabelle_15_cz.jpg
Angel Princess,<change me>Eastern Bloc/Czech/Angel Princess (Czech),http://www.iafd.com/graphics/headshots/angelprincess_f_42.jpg
Angel Wicky,<change me>Eastern Bloc/Czech/Angel Wicky (Czech),http://www.iafd.com/graphics/headshots/wellie_f_welli-151.jpg
Angelica Kitten,<change me>Eastern Bloc/Czech/Angelica Kitten (Czech),http://www.iafd.com/graphics/headshots/angelinablack_f_25.jpg
Angie Emerald,<change me>Eastern Bloc/Czech/Angie Emerald (Czech),http://www.iafd.com/graphics/headshots/angieemerald_f_tea.jpg
Antonia Sainz,<change me>Eastern Bloc/Czech/Antonia Sainz (Czech),http://www.iafd.com/graphics/headshots/antoniasainz_f_antonia_sainz.jpg
Baby Dream,<change me>Eastern Bloc/Czech/Baby Dream (Czech),http://www.iafd.com/graphics/headshots/babydream_f_2662.jpg
Bella Baby,<change me>Eastern Bloc/Czech/Bella Baby (Czech),http://www.iafd.com/graphics/headshots/bellababy_f_bella-053.jpg
Blanche Bradburry,<change me>Eastern Bloc/Czech/Blanche Bradburry (Czech),http://www.iafd.com/graphics/headshots/blanchebradburry_f_angelae-009.jpg
Bozena,<change me>Eastern Bloc/Czech/Bozena (Czech),http://www.iafd.com/graphics/headshots/tiffanytreasures_f_tifanytreasures_score.jpg
Carmen Gemini,<change me>Eastern Bloc/Czech/Carmen Gemini (Czech),http://www.iafd.com/graphics/headshots/carmengenini_f_kristi-056.jpg
Celine Noiret,<change me>Eastern Bloc/Czech/Celine Noiret (Czech),http://www.iafd.com/graphics/headshots/olivia_06_f_olivia-073.jpg
Chelsy Sun,<change me>Eastern Bloc/Czech/Chelsy Sun (Czech),http://www.iafd.com/graphics/headshots/chelsysun_f_20.jpg
Chrissy Fox,<change me>Eastern Bloc/Czech/Chrissy Fox (Czech),http://www.iafd.com/graphics/headshots/chrissyfox_f_chrissy_fox.jpg
Christina Lee,<change me>Eastern Bloc/Czech/Christina Lee (Czech),http://www.iafd.com/graphics/headshots/chistinalee_f_01.jpg
Cindy Shine,<change me>Eastern Bloc/Czech/Cindy Shine (Czech),http://www.iafd.com/graphics/headshots/thumbs/th_cindyshine_f_cindy.jpg
Claudia Macc,<change me>Eastern Bloc/Czech/Claudia Macc (Czech),http://www.iafd.com/graphics/headshots/claudiamacc_f_4.jpg
Connie Carter,<change me>Eastern Bloc/Czech/Connie Carter (Czech),http://www.iafd.com/graphics/headshots/conny_cz_f_conny_nubiles.jpg
Cristal Caitlin,<change me>Eastern Bloc/Czech/Cristal Caitlin (Czech),http://www.iafd.com/graphics/headshots/cristalcaitlin_f_cristal_caitlin.jpg
Cynthia Hill,<change me>Eastern Bloc/Czech/Cynthia Hill (Czech),http://www.iafd.com/graphics/headshots/cynthiahill_f_cynthiahill.jpg
Daisy Lee,<change me>Eastern Bloc/Czech/Daisy Lee (Czech),http://www.iafd.com/graphics/headshots/daisylee2_f_16.jpg
Defrancesca Gallardo,<change me>Eastern Bloc/Czech/Defrancesca Gallardo (Czech),http://www.iafd.com/graphics/headshots/katrin_07_f_defrancesca_gallardo_ddf2.jpg
Dellai Twins,<change me>Eastern Bloc/Czech/Dellai Twins (Czech),https://img1-ps.adultdvdtalk.com/2078c38d6c9d4e788cc2
Denisa Heaven,<change me>Eastern Bloc/Czech/Denisa Heaven (Czech),http://www.iafd.com/graphics/headshots/denisaheaven_f_denisa-081.jpg
Diana Gold,<change me>Eastern Bloc/Czech/Diana Gold (Czech),http://www.iafd.com/graphics/headshots/dianagold_f_ptr028_s05_005.jpg
Diana Lion,<change me>Eastern Bloc/Czech/Diana Lion (Czech),http://www.iafd.com/graphics/headshots/dianalion_f_dianalion_zt.jpg
Dido Angel,<change me>Eastern Bloc/Czech/Dido Angel (Czech),http://www.iafd.com/graphics/headshots/didoangel_f_dido.jpg
Emylia Argan,<change me>Eastern Bloc/Czech/Emylia Argan (Czech),http://www.iafd.com/graphics/headshots/emyliaargan_f_emyliaarganzb.jpg
Eveline Neill,<change me>Eastern Bloc/Czech/Eveline Neill (Czech),http://www.iafd.com/graphics/headshots/eveline_11_cz_f_eveline_11_cz.jpg
Gina Devine,<change me>Eastern Bloc/Czech/Gina Devine (Czech),http://www.iafd.com/graphics/headshots/ginadevine_f_giina-067.jpg
Iwia,<change me>Eastern Bloc/Czech/Iwia (Czech),http://www.iafd.com/graphics/headshots/iwia_f_iwia-031.jpg
Jana Cova,<change me>Eastern Bloc/Czech/Jana Cova (Czech),http://www.iafd.com/graphics/headshots/JanaCova.JPG
Jane Darling,<change me>Eastern Bloc/Czech/Jane Darling (Czech),http://www.iafd.com/graphics/headshots/janedurlink_f_janedarling_.jpg
Jeanette Morrison,<change me>Eastern Bloc/Czech/Jeanette Morrison (Czech),http://www.iafd.com/graphics/headshots/janet_cz_99_f_piv012_s06_001.jpg
Jennifer Amton,<change me>Eastern Bloc/Czech/Jennifer Amton (Czech),http://www.iafd.com/graphics/headshots/jenniferamton_f_amton_.jpg
Jennifer Stone,<change me>Eastern Bloc/Czech/Jennifer Stone (Czech),http://www.iafd.com/graphics/headshots/jennifers_f_jennifer.jpg
Jenny Simons,<change me>Eastern Bloc/Czech/Jenny Simons (Czech),http://www.iafd.com/graphics/headshots/jennysimons_f_jennysimons_wetandpuffy.jpg
Katarina Hartlova,<change me>Eastern Bloc/Czech/Katarina Hartlova (Czech),http://www.iafd.com/graphics/headshots/katarinadubrova_f_katarina2.jpg
Kathia Nobili,<change me>Eastern Bloc/Czech/Kathia Nobili (Czech),http://www.iafd.com/graphics/headshots/catycambel_f_kathia_nobili_ddf.jpg
Kattie Gold,<change me>Eastern Bloc/Czech/Kattie Gold (Czech),http://www.iafd.com/graphics/headshots/kategold_f_kategold_seventeen.jpg
Kitty Jane,<change me>Eastern Bloc/Czech/Kitty Jane (Czech),http://www.iafd.com/graphics/headshots/kittyjane_f_kitti-021.jpg
Kristi Lust,<change me>Eastern Bloc/Czech/Kristi Lust (Czech),http://www.iafd.com/graphics/headshots/kristilust_f_kristy-005.jpg
Lady Dee,<change me>Eastern Bloc/Czech/Lady Dee (Czech),http://www.iafd.com/graphics/headshots/ladyd_15_f_ladydee1_.jpg
Leony April,<change me>Eastern Bloc/Czech/Leony April (Czech),http://www.iafd.com/graphics/headshots/leonydark_f_41.jpg
Lilly Klass,<change me>Eastern Bloc/Czech/Lilly Klass (Czech),http://www.iafd.com/graphics/headshots/lillyklass_f_lilly_klass.jpg
Linda Sweet,<change me>Eastern Bloc/Czech/Linda Sweet (Czech),http://www.iafd.com/graphics/headshots/lindasweet_f_linda_sweet.jpg
Little Caprice,<change me>Eastern Bloc/Czech/Little Caprice (Czech),http://www.iafd.com/graphics/headshots/littlecaprice_f_little_caprice_ddf.jpg
Lovita Fate,<change me>Eastern Bloc/Czech/Lovita Fate (Czech),http://www.iafd.com/graphics/headshots/lovitafate_f_fff.jpg
Lucie Theodorova,<change me>Eastern Bloc/Czech/Lucie Theodorova (Czech),http://www.iafd.com/graphics/headshots/luciet_f_lucky-039.jpg
Lucie Wilde,<change me>Eastern Bloc/Czech/Lucie Wilde (Czech),http://www.iafd.com/graphics/headshots/luciewilde_f_lucie_wilde.jpg
Lucy Li,<change me>Eastern Bloc/Czech/Lucy Li (Czech),http://www.iafd.com/graphics/headshots/lucyli_f_lucy_li.jpg
Marry Queen,<change me>Eastern Bloc/Czech/Marry Queen (Czech),http://www.iafd.com/graphics/headshots/marryqueen_f_marryqueen_ddf.jpg
Mea Melone,<change me>Eastern Bloc/Czech/Mea Melone (Czech),http://www.iafd.com/graphics/headshots/meamelone_f_mea_melone_ddf.jpg
Melissa Ria,<change me>Eastern Bloc/Czech/Melissa Ria (Czech),http://www.iafd.com/graphics/headshots/melissaria_f_melissaria_ddf.jpg
Mia Michele,<change me>Eastern Bloc/Czech/Mia Michele (Czech),http://www.iafd.com/graphics/headshots/mia_08_latvian_f_gi.jpg
Mia Sollis,<change me>Eastern Bloc/Czech/Mia Sollis (Czech),http://www.iafd.com/graphics/headshots/miasollis_f_e3.jpg
Mischel Lee,<change me>Eastern Bloc/Czech/Mischel Lee (Czech),http://www.iafd.com/graphics/headshots/mischellee_f_2015116201123_lee.jpg
Mona Lee,<change me>Eastern Bloc/Czech/Mona Lee (Czech),http://www.iafd.com/graphics/headshots/monalee_cz_f_ewe-111.jpg
Monica Sweetheart,<change me>Eastern Bloc/Czech/Monica Sweetheart (Czech),http://www.iafd.com/graphics/headshots/msweetheart_f_monica.jpg
Nancy Sweet,<change me>Eastern Bloc/Czech/Nancy Sweet (Czech),http://www.iafd.com/graphics/headshots/nancysweet_f_nancysweet_dvsx.jpg
Naomi Bennet,<change me>Eastern Bloc/Czech/Naomi Bennet (Czech),http://www.iafd.com/graphics/headshots/naomibennet_f_r.jpg
Nathaly Cherie,<change me>Eastern Bloc/Czech/Nathaly Cherie (Czech),http://www.iafd.com/graphics/headshots/nathalycherie_f_00.jpg
Nicole Love,<change me>Eastern Bloc/Czech/Nicole Love (Czech),http://www.iafd.com/graphics/headshots/nicole_takevan_f_nicole_love_wetandpuffy.jpg
Nikky Case,<change me>Eastern Bloc/Czech/Nikky Case (Czech),http://www.iafd.com/graphics/headshots/nikkicase_f_nikkycase_amk.jpg
Olivia La Roche,<change me>Eastern Bloc/Czech/Olivia La Roche (Czech),http://www.iafd.com/graphics/headshots/olivialaroche_f_00.jpg
Ornella Morgan,<change me>Eastern Bloc/Czech/Ornella Morgan (Czech),http://www.iafd.com/graphics/headshots/ornellamorgan_f_ornella_morgan_weliketosuck.jpg
Paula Shy,<change me>Eastern Bloc/Czech/Paula Shy (Czech),http://www.iafd.com/graphics/headshots/paula_12_cz_f_paula_shy_virtuagirl.jpg
Rihanna Samuel,<change me>Eastern Bloc/Czech/Rihanna Samuel (Czech),http://www.iafd.com/graphics/headshots/rihannasamuel_f_rihanna_samuel_ddf.jpg
Rita Sinclair,<change me>Eastern Bloc/Czech/Rita Sinclair (Czech),http://www.iafd.com/graphics/headshots/ritasinclair_f_rita_sinclair.jpg
Sandy Style,<change me>Eastern Bloc/Czech/Sandy Style (Czech),http://www.iafd.com/graphics/headshots/sandysaint_f_sandystyle_private.jpg
Shione Cooper,<change me>Eastern Bloc/Czech/Shione Cooper (Czech),http://www.iafd.com/graphics/headshots/shionecooper_f_4141.jpg
Silvie Deluxe,<change me>Eastern Bloc/Czech/Silvie Deluxe (Czech),http://www.iafd.com/graphics/headshots/silviedelux_f_silvie_delux_ddf.jpg
Silvie Luca,<change me>Eastern Bloc/Czech/Silvie Luca (Czech),http://www.iafd.com/graphics/headshots/silvieluca_f_silvie_luca.jpg
Sofia Lee,<change me>Eastern Bloc/Czech/Sofia Lee (Czech),http://www.iafd.com/graphics/headshots/sofialee_f_0014.jpg
Stacy Cruz,<change me>Eastern Bloc/Czech/Stacy Cruz (Czech),http://www.iafd.com/graphics/headshots/stacycruz_f_fds.jpg
Stella Fox,<change me>Eastern Bloc/Czech/Stella Fox (Czech),http://www.iafd.com/graphics/headshots/stella_eu_08_f__stellafx2.jpg
Susan Ayn,<change me>Eastern Bloc/Czech/Susan Ayn (Czech),http://www.iafd.com/graphics/headshots/suzensweet_f_susan-ayn-13.jpg
Suzie Sun,<change me>Eastern Bloc/Czech/Suzie Sun (Czech),http://www.iafd.com/graphics/headshots/suziesun_score.jpg
Sweet Cat,<change me>Eastern Bloc/Czech/Sweet Cat (Czech),http://www.iafd.com/graphics/headshots/sweetcat_f_4.jpg
Tarra White,<change me>Eastern Bloc/Czech/Tarra White (Czech),http://www.iafd.com/graphics/headshots/tarrawhite_f_tarrawhite_ddf_tat.jpg
Tera Joy,<change me>Eastern Bloc/Czech/Tera Joy (Czech),http://www.iafd.com/graphics/headshots/terajoy_f_tera-028.jpg
Terra Sweet,<change me>Eastern Bloc/Czech/Terra Sweet (Czech),http://www.iafd.com/graphics/headshots/terrasweet_f_terra_sweet.jpg
Terry Nova,<change me>Eastern Bloc/Czech/Terry Nova (Czech),http://www.iafd.com/graphics/headshots/terry_cz_08_f_terry-nova-14.jpg
Terry Rubens,<change me>Eastern Bloc/Czech/Terry Rubens (Czech),http://www.iafd.com/graphics/headshots/terryrubens_f_terryrubens_score.jpg
Vanessa Decker,<change me>Eastern Bloc/Czech/Vanessa Decker (Czech),http://www.iafd.com/graphics/headshots/vanessadecker_f_vanessa_decker_ddf.jpg
Vanessa Hell,<change me>Eastern Bloc/Czech/Vanessa Hell (Czech),
Vanessa Mae,<change me>Eastern Bloc/Czech/Vanessa Mae (Czech),http://www.iafd.com/graphics/headshots/vanessa_eu_02_f_vanessamae_eurobabez.jpg
Victoria Daniels,<change me>Eastern Bloc/Czech/Victoria Daniels (Czech),http://www.iafd.com/graphics/headshots/victoriadaniels_f_victoria_daniels.jpg
Victoria Sweet,<change me>Eastern Bloc/Czech/Victoria Sweet (Czech),http://www.iafd.com/graphics/headshots/veronicaavluv_f_veronicaavluv_lad.jpg
Violette Pink,<change me>Eastern Bloc/Czech/Violette Pink (Czech),http://www.iafd.com/graphics/headshots/violettepure_f_violette-pure-7.jpg
Wendi White,<change me>Eastern Bloc/Czech/Wendi White (Czech),http://www.iafd.com/graphics/headshots/wendiwhite_f_wendiwhite_cumonjugs.jpg
Wendy Moon,<change me>Eastern Bloc/Czech/Wendy Moon (Czech),http://www.iafd.com/graphics/headshots/sharajones_f_wm.jpg
Zuzana Zeleznovova,<change me>Eastern Bloc/Czech/Zuzana Zeleznovova (Czech),http://www.iafd.com/graphics/headshots/zuzana_eu_01_f_zuzana_z_ddf.jpg
