Performer,Storage Location,Folder Image
Jessica Ross,<change me>Europe/Albania/Jessica Ross (Albania),http://www.iafd.com/graphics/headshots/jessicaross_f_dsc_0793.jpg
Lita Phoenix,<change me>Europe/Belarus/Lita Phoenix (Belarus),http://www.iafd.com/graphics/headshots/litaphoenix_f_litaphoenix.jpg
Redly,<change me>Europe/Belarus/Redly (Belarus),http://www.iafd.com/graphics/headshots/ruslana_f_briana_ruslana_tt.jpg
Annabella Crown,<change me>Europe/Belgium/Annabella Crown (Belgium),http://www.iafd.com/graphics/headshots/annabellacrown_f_1441.jpg
Tina Blade,<change me>Europe/Croatia/Tina Blade (Croatia),http://www.iafd.com/graphics/headshots/tinablade_f_tina_blade_nub.jpg
Ann-Marie Michelle,<change me>Europe/Denmark/Ann-Marie Michelle (Denmark),http://www.iafd.com/graphics/headshots/ammichelle_f_annmarie_michelle_c.jpg
Denice Klarskov,<change me>Europe/Denmark/Denice Klarskov (Denmark),http://www.iafd.com/graphics/headshots/denisek.jpg
Alice Leroy,<change me>Europe/France/Alice Leroy (France),http://www.iafd.com/graphics/headshots/aliceleroy_f_alice.jpg
Angel Emily,<change me>Europe/France/Angel Emily (France),http://www.iafd.com/graphics/headshots/angelemily_f_0.jpg
Angela Kiss,<change me>Europe/France/Angela Kiss (France),http://www.iafd.com/graphics/headshots/angelakiss_f_angela_kiss_solo_035-1333x2000.jpg
Angell Summers,<change me>Europe/France/Angell Summers (France),http://www.iafd.com/graphics/headshots/angellsummers_f_angill-025.jpg
Anissa kate,<change me>Europe/France/Anissa kate (France),http://www.iafd.com/graphics/headshots/anissakate_f_1..jpg
Clea Gaultier,<change me>Europe/France/Clea Gaultier (France),http://www.iafd.com/graphics/headshots/cleagaultier_f_vlcsnap-2017-08-31-16h45m44s727.jpg
Eva Parcker,<change me>Europe/France/Eva Parcker (France),http://www.iafd.com/graphics/headshots/evaparcker_f_eva_parcker.jpg
Fira Ventura,<change me>Europe/France/Fira Ventura (France),http://www.iafd.com/graphics/headshots/firaventura_f_14.jpg
Julia Gomez,<change me>Europe/France/Julia Gomez (France),http://www.iafd.com/graphics/headshots/thumbs/th_juliagomez_f_juliagomez.jpg
Mylene Johnson,<change me>Europe/France/Mylene Johnson (France),http://www.iafd.com/graphics/headshots/mylenejohnson_f_mylenejohnson.jpg
Sharon Lee,<change me>Europe/France/Sharon Lee (France),http://www.iafd.com/graphics/headshots/sharonlee_10_f_liza2-052.jpg
Anny Aurora,<change me>Europe/Germany/Anny Aurora (German),http://www.iafd.com/graphics/headshots/annyaurora_f_annyaurora.jpg
Lilli Vanilli,<change me>Europe/Germany/Lilli Vanilli (Germany),http://www.iafd.com/graphics/headshots/lillivanilli_f_lillibanilli.jpg
Lia Louise,<change me>Europe/Germany/Lia Louise (Germany),http://www.iafd.com/graphics/headshots/lialouise_f_561.jpg
Deborah Sorrentino,<change me>Europe/Italy/Deborah Sorrentino (Italy),http://www.iafd.com/graphics/headshots/deborahsorrentino_f_deborahsorrentino.jpg
Luna Oara,<change me>Europe/Italy/Luna Oara (Italy),http://www.iafd.com/graphics/headshots/lunaoara_f_lunaora_wetandpissy.jpg
Marika Vitale,<change me>Europe/Italy/Marika Vitale (Italy),http://www.iafd.com/graphics/headshots/marikavitale_f_4.jpg
Martina Gold,<change me>Europe/Italy/Martina Gold (Italy),http://www.iafd.com/graphics/headshots/martinagold_f_martinagoldnandocolellifotohard03-1.jpg
Sara Schicchi,<change me>Europe/Italy/Sara Schicchi (Italy),http://www.iafd.com/graphics/headshots/saraschicchi_f_sara-schicchi-ranieri.jpg
Stella Cox,<change me>Europe/Italy/Stella Cox (Italy),http://www.iafd.com/graphics/headshots/stellacox_f_410.jpg
Valentina Nappi,<change me>Europe/Italy/Valentina Nappi (Italy),http://www.iafd.com/graphics/headshots/valentinanappi_f_vallentina2-034.jpg
Vittoria Risi,<change me>Europe/Italy/Vittoria Risi (Italy),http://www.iafd.com/graphics/headshots/vittoriarisi_f_vittoriarisiddv.jpg
Yuki Yukikon,<change me>Europe/Italy/Yukikon (Italy),http://www.iafd.com/graphics/headshots/yukikon_f_yukikon_.jpg
Beata Undine,<change me>Europe/Latvia/Beata Undine (Latvia),http://www.iafd.com/graphics/headshots/beataundine_f_beata-030.jpg
Viola Bailey,<change me>Europe/Latvia/Viola Bailey (Latvia),http://www.iafd.com/graphics/headshots/violabailey_f_441.jpg
Tina Kay,<change me>Europe/Lithuania/Tina Kay (Lithuania),http://www.iafd.com/graphics/headshots/tinakay_f_tina_kay_ddf.jpg
Chelsey Lanette,<change me>Europe/Netherlands/Chelsey Lanette (Netherlands),http://www.iafd.com/graphics/headshots/chelseylanette_f_chelsey_l.jpg
Sofia Valentine,<change me>Europe/Netherlands/Sofia Valentine (Netherlands),http://www.iafd.com/graphics/headshots/sofiavalentine_f_sofia-010.jpg
Taylor Sands,<change me>Europe/Netherlands/Taylor Sands (Netherlands),http://www.iafd.com/graphics/headshots/taylorsands_f_taylor_sands.jpg
Misha Cross,<change me>Europe/Poland/Misha Cross (Poland),http://www.iafd.com/graphics/headshots/mishacross_f_misha_cross_ddf.jpg
Natalia Starr,<change me>Europe/Poland/Natalia Starr (Poland),http://www.iafd.com/graphics/headshots/nataliastarr_f_nataliastarr.jpg
Erica Fontes,<change me>Europe/Portugal/Erica Fontes (Portugal),http://www.iafd.com/graphics/headshots/ericafontes_f_erica-047.jpg
Susana Melo,<change me>Europe/Portugal/Susana Melo (Portugal),http://www.iafd.com/graphics/headshots/susanamelo_f_susana-melo-12.jpg
Alice Romain,<change me>Europe/Romania/Alice Romain (Romania),http://www.iafd.com/graphics/headshots/aliceromain_f_aliceromain.jpg
Regina Ice,<change me>Europe/Romania/Regina Ice (Romania),http://www.iafd.com/graphics/headshots/reginaice_f_reginaice_21.jpg
Sensual Jane,<change me>Europe/Romania/Sensual Jane (Romania),http://www.iafd.com/graphics/headshots/sensualjane_f_jazmine-024.jpg
Shalina Devine,<change me>Europe/Romania/Shalina Devine (Romania),http://www.iafd.com/graphics/headshots/shalinadevine_f_42.jpg
Valeria Borghese,<change me>Europe/Romania/Valeria Borghese (Romania),http://www.iafd.com/graphics/headshots/valeriaborghese_f_valeria.jpg
Cherry Kiss,<change me>Europe/Serbia/Cherry Kiss (Serbia),http://www.iafd.com/graphics/headshots/charry_f_charry-066.jpg
Charlotte Madison,<change me>Europe/Slovakia/Charlotte Madison (Slovakia),http://www.iafd.com/graphics/headshots/charlotte_11_slovak_f_charlotte676.jpg
Nancey,<change me>Europe/Slovakia/Nancey (Slovakia),http://www.iafd.com/graphics/headshots/lolita_07_f_stracy-015.jpg
Patty Michova,<change me>Europe/Slovakia/Patty Michova (Slovakia),http://www.iafd.com/graphics/headshots/pattymichova_f_patty_michova.jpg
Timea Bela,<change me>Europe/Slovakia/Timea Bela (Slovakia),http://www.iafd.com/graphics/headshots/timeabela_f_timea-bella2.jpg
Timea Bella,<change me>Europe/Slovakia/Timea Bela (Slovakia),http://www.iafd.com/graphics/headshots/timeabela_f_timea-bella2.jpg
Tina Gabriel,<change me>Europe/Slovakia/Tina Gabriel (Slovakia),http://www.iafd.com/graphics/headshots/tinagabriel_f_tinagabriel.jpg
Alba De Silva,<change me>Europe/Spain/Alba De Silva (Spain),http://www.iafd.com/graphics/headshots/albadesilva_f_alba.jpg
Amarna Miller,<change me>Europe/Spain/Amarna Miller (Spain),http://www.iafd.com/graphics/headshots/amarnamiller_f_amarna_miller.jpg
Ana Marco,<change me>Europe/Spain/Ana Marco (Spain),http://www.iafd.com/graphics/headshots/anamarco_f_ana2.jpg
Aysha,<change me>Europe/Spain/Aysha (Spain),http://www.iafd.com/graphics/headshots/aysha_sp_f_01.jpg
Daniela Dadivoso,<change me>Europe/Spain/Daniela Dadivoso (Spain),http://www.iafd.com/graphics/headshots/danielaleon_f_dadivoso.jpg
Eli Tetona,<change me>Europe/Spain/Eli Tetona (Spain),http://www.iafd.com/graphics/headshots/elitetoni_f_elit.jpg
Ginebra Bellucci,<change me>Europe/Spain/Ginebra Bellucci (Spain),http://www.iafd.com/graphics/headshots/ginebrabellucci_f_001.jpg
Julia Roca,<change me>Europe/Spain/Julia Roca (Spain),http://www.iafd.com/graphics/headshots/juliaroca_f_juliaroca445.jpg
Lara Duro,<change me>Europe/Spain/Lara Duro (Spain),http://www.iafd.com/graphics/headshots/laraduro_f_laraduro.jpg
Lilyan Red,<change me>Europe/Spain/Lilyan Red (Spain),http://www.iafd.com/graphics/headshots/lilyan_sp_f_lilyan_.jpg
Lucia Fernandez,<change me>Europe/Spain/Lucia Fernandez (Spain),http://www.iafd.com/graphics/headshots/luciapechotes_f_luciapechote.jpg
Nekane,<change me>Europe/Spain/Nekane (Spanish),http://www.iafd.com/graphics/headshots/nekane_11_spanish_f_nekane-yonkis_001.jpg
Rebecca Linares,<change me>Europe/Spain/Rebecca Linares (Spain),http://www.iafd.com/graphics/headshots/rebecalinares_f_rebeccalinares_ns.jpg
Susy Gala,<change me>Europe/Spain/Susy Gala (Spain),http://www.iafd.com/graphics/headshots/susigala_f_susy.jpg
Zoe Doll,<change me>Europe/Spain/Zoe Doll (Spain),http://www.iafd.com/graphics/headshots/zoedoll_f_zoe_doll_evangel.jpg
Lynna Nilsson,<change me>Europe/Sweden/Lynna Nilsson (Sweden),http://www.iafd.com/graphics/headshots/lynnanilsson_f_lynna_nilsson.jpg
Antonia Deona,<change me>Europe/UK/Antonia Deona (UK),http://www.iafd.com/graphics/headshots/antoniadeona_f_2018621231042_stacey_saran_ddf.jpg
Amber Deen,<change me>UK/Amber Deen (SCOTTISH),http://www.iafd.com/graphics/headshots/amberdeen_f_amber_deen_rk.jpg
Ava Dalush,<change me>Europe/UK/Ava Dalush (UK),http://www.iafd.com/graphics/headshots/avadalush_f_012.jpg
Candi Blows,<change me>UK/Candi Blows (UK),http://www.iafd.com/graphics/headshots/candiblows_f_candi_blows.jpg
Ella Hughes,<change me>Europe/UK/Ella Hughes (UK),http://www.iafd.com/graphics/headshots/ellahughes_f_nb.jpg
Emma Leigh,<change me>Europe/UK/Emma Leigh (UK),http://www.iafd.com/graphics/headshots/emmaleigh_f_02.jpg
Emma Mae,<change me>Europe/UK/Emma Mae (UK),http://www.iafd.com/graphics/headshots/emmamae_f_emmamae_na.jpg
Georgie Lyall,<change me>Europe/UK/Georgie Lyall (UK),http://www.iafd.com/graphics/headshots/georgielyall_f_georgie_lyall.jpg
Hannah Harper,<change me>Europe/UK/Hannah Harper (UK),http://www.iafd.com/graphics/headshots/hannaharper.jpg
Harmony Reigns,<change me>Europe/UK/Harmony Reigns (UK),http://www.iafd.com/graphics/headshots/harmonyreigns_f_harmony_reigns.jpg
Jamie Brooks,<change me>Europe/UK/Jamie Brooks (UK),http://www.iafd.com/graphics/headshots/jamie_brooks.jpg
Jaye Rose,<change me>Europe/UK/Jaye Rose (UK),http://www.iafd.com/graphics/headshots/jayerose_f_0046.jpg
Jess West,<change me>Europe/UK/Jess West (UK),http://www.iafd.com/graphics/headshots/jesswest_f_jesswest_satinsilkfant.jpg
Katy Jayne,<change me>Europe/UK/Katy Jayne (UK),http://www.iafd.com/graphics/headshots/katyjayne_f_katy_jane_cherrypimps.jpg
Lola Gatsby,<change me>Europe/UK/Lola Gatsby (UK),http://www.iafd.com/graphics/headshots/lolagatsby_f_lola_gatsby.jpg
Paige Delight,<change me>Europe/UK/Paige Delight (Scotland),http://www.iafd.com/graphics/headshots/paigedelight_zz.jpg
Paige Turnah,<change me>Europe/UK/Paige Turnah (UK),http://www.iafd.com/graphics/headshots/paigeturnah_f_paigeturnah_na.jpg
Roxanne Hall,<change me>Europe/UK/Roxanne Hall (UK),http://www.iafd.com/graphics/headshots/rhall_f_200505040626.jpg
Sahara Knite,<change me>Europe/UK/Sahara Knite (UK),http://www.iafd.com/graphics/headshots/saharaknite_f_saharaknite_ddf.jpg
Samantha Bentley,<change me>Europe/UK/Samantha Bentley (UK),http://www.iafd.com/graphics/headshots/samanthabentley_f_samantha_bentley_ddf2.jpg
Yuffie Yulan,<change me>Europe/UK/Yuffie Yulan (UK),http://www.iafd.com/graphics/headshots/yuffieyulan_f_yuffie_yulan.jpg
Zara Durose,<change me>Europe/UK/Zara Durose (UK),http://www.iafd.com/graphics/headshots/zaradurose_f_sdfs.jpg
Abrill Gerald,<change me>Eastern Bloc/Ukraine/Abrill Gerald (Ukraine),http://www.iafd.com/graphics/headshots/abrillgerald_f_abrill_gerald.jpg
Josephine Jackson,<change me>Eastern Bloc/Ukraine/Josephine Jackson (Ukraine),http://www.iafd.com/graphics/headshots/josephinejackson_f_02.jpg
Amaris,<change me>Eastern Bloc/Ukraine/Amaris (Ukraine),http://www.iafd.com/graphics/headshots/amaris_f_42.jpg
Elle Rose,<change me>Europe/Ukraine/Elle Rose (Ukraine),http://www.iafd.com/graphics/headshots/ellerose_f_elle_rose_nubiles.jpg
Gabriella Daniels,<change me>Europe/Ukraine/Gabriella Daniels (Ukraine),http://www.iafd.com/graphics/headshots/gabrielladanielsova_f_gabriella_danielsova.jpg
Milla,<change me>Europe/Ukraine/Mila Blue (Ukraine),http://www.iafd.com/graphics/headshots/milaazul_f_3.jpg
Nancy Ace,<change me>Europe/Ukraine/Nancy Ace (Ukraine),http://www.iafd.com/graphics/headshots/nancya_f_6.jpg
Red Fox,<change me>Europe/Ukraine/Red Fox (Ukraine),http://www.iafd.com/graphics/headshots/michelleh_11_f_michelleh_11.jpg
Sasha Colibri,<change me>Europe/Ukraine/Sasha Colibri (Ukraine),http://www.iafd.com/graphics/headshots/sashacolibri_f_42.jpg
