Performer, Storage Location, Folder Image                                                                                                         
Baby Nicols,<change me>Latin America/Venezuela/Baby Nicols (Venezuela),http://www.iafd.com/graphics/headshots/babynicols_f_10.jpg
Carol Vega,<change me>Latin America/Uraguay/Carol Vega (Uraguay),http://www.iafd.com/graphics/headshots/carolvega_f_03.jpg
Dany Duran,<change me>Latin America/Brazil/Dany Duran (Brazil),http://www.iafd.com/graphics/headshots/danyduran_f_danni-034.jpg
Ginebra Bellucci,<change me>Europe/Spanish/Ginebra Bellucci (Spain),http://www.iafd.com/graphics/headshots/ginebrabellucci_f_001.jpg
Haley Paige,<change me>Latin America/Mexico/Haley Paige (Mexico),http://www.iafd.com/graphics/headshots/haleypaige_f_haley.jpg
Izzy Lush,<change me>Latin America/Columbia/Izzy Lush (Columbia),http://www.iafd.com/graphics/headshots/izzylush_f_2.jpg
Jazmyn,<change me>Latin America/Puerto Rico/Jazmyn (Puerto Rico),http://www.iafd.com/graphics/headshots/jazmyn_bb_10_f_kitana-040.jpg
Jennifer Luv,<change me>Latin America/Peru/Jennifer Luv (Peru),http://www.iafd.com/graphics/headshots/jenniferluv_f_jenniferluv_ns_c.jpg
Marcia Imperator,<change me>Latin America/Brazil/Marcia Imperator (Brazil),http://www.iafd.com/graphics/headshots/marciaimperator_f_marciaimperator2.jpg
Mayara Shelson,<change me>Latin America/Brazil/Mayara Shelson (Brazil),http://www.iafd.com/graphics/headshots/mayara_br_f_0-00942.jpg
Monique Fuentes,<change me>Latin America/Columbia/Monique Fuentes (Columbia),http://www.iafd.com/graphics/headshots/moniquefuentes_f_moniquefuentes_na1.jpg
Paola Guerra,<change me>Latin America/Venezuela/Paola Guerra (Venezuela),http://www.iafd.com/graphics/headshots/paolaguerra_f_palagea_la_zona_modelos.jpg
Selena Castro,<change me>Latin America/Argentina/Selena Castro (Argentina),http://www.iafd.com/graphics/headshots/thumbs/th_selenacastro_f_selenacastro_na.jpg
Skylar Snow,<change me>Latin America/Puerto Rico/Skylar Snow (Puerto Rico),http://www.iafd.com/graphics/headshots/skylarsnow_f_42224.jpg
Sofia Nix,<change me>Latin America/Columbia/Sofia Nix (Columbia),http://www.iafd.com/graphics/headshots/sofia_bb_f_sofia_bb.jpg
Tamiry Chiavari,<change me>Latin America/Brazil/Tamiry Chiavari (Brazil),http://www.iafd.com/graphics/headshots/tamirychiarari_f_anna-049.jpg
Veronica Leal,<change me>Latin America/Columbia/Veronica Leal (Columbia),http://www.iafd.com/graphics/headshots/veronicaorozco_f_veronicaleal_.jpg
Veronica Rodriguez,<change me>Latin America/Venezuela/Veronica Rodriguez (Venezuela),http://www.iafd.com/graphics/headshots/veronicarodriguez_f_veronica_rodriguez.jpg
