Performer,Storage Location,Folder Image
Aaliyah Love,<change me>US/Aaliyah Love (US),http://www.iafd.com/graphics/headshots/aaliyahlove_f_aaliyahlove_own.jpg
Abbey Rain,<change me>US/Abbey Rain (US),http://www.iafd.com/graphics/headshots/abbyrains_f_abby_rains_idealimage.jpg
Abby Cross,<change me>US/Abby Cross (US),http://www.iafd.com/graphics/headshots/abbycross_f_abbycross.jpg
Abby Paradise,<change me>US/Abby Paradise (US),http://www.iafd.com/graphics/headshots/abbyparadise_f_xc.jpg
Abella Danger,<change me>US/Abella Danger (US),http://www.iafd.com/graphics/headshots/abelladanger_f_52.jpg
Addie Andrews,<change me>US/Addie Andrews (US),http://www.iafd.com/graphics/headshots/addieandrews_f_634.jpg
Adessa Winters,<change me>US/Adessa Winters (US),http://www.iafd.com/graphics/headshots/adessawinters_f_adessawinters.jpg
Adria Rae,<change me>US/Adria Rae (US),http://www.iafd.com/graphics/headshots/adriarae_f_adriarae.jpg
Adrian Hush,<change me>US/Adrian Hush (US),http://www.iafd.com/graphics/headshots/adrianhush_f_4141.jpg
Adriana Chechik,<change me>US/Adriana Chechik (US),http://www.iafd.com/graphics/headshots/adrianachechik_f_adrianachechik_f_blacked.jpg
Adrianna Luna,<change me>US/Adrianna Luna (US),http://www.iafd.com/graphics/headshots/adrianaluna_f_adrianaluna_atkpremium.jpg
Adrianna Nicole,<change me>US/Adrianna Nicole (US),http://www.iafd.com/graphics/headshots/adriannanicole_f_adriannanicole_na.jpg
Aiden Ashley,<change me>US/Aiden Ashley (US),http://www.iafd.com/graphics/headshots/aidenashley_f_6.jpg
Aidra Fox,<change me>US/Aidra Fox (US),http://www.iafd.com/graphics/headshots/aidrafox_f_aidra_fox_blacked.jpg
Aimee Tyler,<change me>US/Aimee Tyler (US),http://www.iafd.com/graphics/headshots/aimeetyler.jpg
AJ Applegate,<change me>US/AJ Applegate (US),http://www.iafd.com/graphics/headshots/ajapplegate_f_aj_applegate_21s.jpg
Alana Cruise,<change me>US/Alana Cruise (US),http://www.iafd.com/graphics/headshots/savannahfyre_f_0.jpg
Alaura Eden,<change me>US/Alaura Eden (US),http://www.iafd.com/graphics/headshots/alluraeden_f_0%20(1).jpg
Aleksa Nicole,<change me>US/Aleksa Nicole (US),http://www.iafd.com/graphics/headshots/alexanicole_f_alexanicole_metrotalent.jpg
Alex Blake,<change me>US/Alex Blake (US),http://www.iafd.com/graphics/headshots/alexblake_f_526.jpg
Alex Chance,<change me>US/Alex Chance (US),http://www.iafd.com/graphics/headshots/201292373012_alexchance_NA.JPG
Alex Coal,<change me>US/Alex Coal (US),http://www.iafd.com/graphics/headshots/alexcoal_f_00.jpg
Alex Grey,<change me>US/Alex Grey (US),http://www.iafd.com/graphics/headshots/alexgrey_f_1.jpg
Alex Harper,<change me>US/Alex Harper (US),http://www.iafd.com/graphics/headshots/alexharper_f_0..jpg
Alex More,<change me>US/Alex More (US),http://www.iafd.com/graphics/headshots/alexmore_f_1.jpg
Alex Tanner,<change me>US/Alex Tanner (US),http://www.iafd.com/graphics/headshots/alextanner_f_alex_tanner.jpg
Alexa Grace,<change me>US/Alexa Grace (US),http://www.iafd.com/graphics/headshots/alexagrace_f_alexa_grace.jpg
Alexa Nova,<change me>US/Alexa Nova (US),http://www.iafd.com/graphics/headshots/alexanova_f_alexanovaatmki.jpg
Alexa Rae,<change me>US/Alexa Rae (US),http://www.iafd.com/graphics/headshots/alexarae_f_04.jpg
Alexia Milano,<change me>US/Alexia Milano (US),http://www.iafd.com/graphics/headshots/alexiamilano_f_alexiamilano.jpg
Alexis Adams,<change me>US/Alexis Adams (US),http://www.iafd.com/graphics/headshots/alexisadams_f_alexis_adams_cherry.jpg
Alexis Avery,<change me>US/Alexis Avery (US),http://www.iafd.com/graphics/headshots/alexisavery_f_bv.jpg
Alexis Ford,<change me>US/Alexis Ford (US),http://www.iafd.com/graphics/headshots/alexisford_f_alexisford_suze.jpg
Alexis Grace,<change me>US/Alexis Grace (US),http://www.iafd.com/graphics/headshots/alexisgrace_f_alexisgrace_na1.jpg
Alexis Monroe,<change me>US/Alexis Monroe (US),http://www.iafd.com/graphics/headshots/alexismonroe_f_alexismonroe_brazzers.jpg
Alexis Tae,<change me>US/Alexis Tae (US),http://www.iafd.com/graphics/headshots/alexistae_f_2..jpg
Alexis Texas,<change me>US/Alexis Texas (US),http://www.iafd.com/graphics/headshots/alexistexas_f_001.jpg
Alia Janine,<change me>US/Alia Janine (US),http://www.iafd.com/graphics/headshots/aliajanine_f_62.jpg
Alice Coxxx,<change me>US/Alice Coxxx (US),http://www.iafd.com/graphics/headshots/alicecoxxx_f_trh.jpg
Alice Green,<change me>US/Alice Green (US),http://www.iafd.com/graphics/headshots/alicegreen_f_alice_green.jpg
Alice Lighthouse,<change me>US/Alice Lighthouse (US),http://www.iafd.com/graphics/headshots/alicelighthouse_rk.jpg
Alice March,<change me>US/Alice March (US),http://www.iafd.com/graphics/headshots/alicemarch_f_30.jpg
Alice Pink,<change me>US/Alice Pink (US),http://www.iafd.com/graphics/headshots/alicepink_f_55.jpg
Alicia Alighatti,<change me>US/Alicia Alighatti (US),http://www.iafd.com/graphics/headshots/aliciaalghatti_f_pict1958.jpg
Alina Belle,<change me>US/Alina Belle (US),http://www.iafd.com/graphics/headshots/alinabelle_f_44.jpg
Alina Lopez,<change me>US/Alina Lopez (US),http://www.iafd.com/graphics/headshots/alinalopez_f_4242424.jpg
Alison Rey,<change me>US/Alison Rey (US),http://www.iafd.com/graphics/headshots/alisonrey_f_20151674011_dk.jpg
Alison Tyler,<change me>US/Alison Tyler (US),http://www.iafd.com/graphics/headshots/alisontyler_f_alisontyler_rk.jpg
Alix Lovell,<change me>US/Alix Lovell (US),http://www.iafd.com/graphics/headshots/alixlovell_f_1..jpg
Alli Rae,<change me>US/Alli Rae (US),http://www.iafd.com/graphics/headshots/allirae_f_allirae44.jpg
Allie Haze,<change me>US/Allie Haze (US),http://www.iafd.com/graphics/headshots/alliehaze_f_alliehaze_na2.jpg
Allie James,<change me>US/Allie James (US),http://www.iafd.com/graphics/headshots/alliejames_f_alliejames_na.jpg
Allison Moore,<change me>US/Allison Moore (US),http://www.iafd.com/graphics/headshots/alisonmoore_vip.jpg
Ally Ann,<change me>US/Ally Ann (US),http://www.iafd.com/graphics/headshots/allyann_f_hg.jpg
Alonna Red,<change me>US/Alonna Red (US),http://www.iafd.com/graphics/headshots/alonnared_f_alonnared_ocmodelling.jpg
Alyce Anderson,<change me>US/Alyce Anderson (US),http://www.iafd.com/graphics/headshots/alyceanderson_f_7.jpg
Alysin Embers,<change me>US/Alysin Embers (US),http://www.iafd.com/graphics/headshots/200611712450_allysinembers.jpg
Alyssa Branch,<change me>US/Alyssa Branch (US),http://www.iafd.com/graphics/headshots/alyssabranch_f_alyssabranch_atkpremium.jpg
Amanda Tate,<change me>US/Amanda Tate (US),http://www.iafd.com/graphics/headshots/amandatate_f_20138134538_amandatate.jpg
Amber Addis,<change me>US/Amber Addis (US),http://www.iafd.com/graphics/headshots/amberaddis_f_df.jpg
Amber Peach,<change me>US/Amber Peach (US),http://www.iafd.com/graphics/headshots/amberpeach_f_amberpeach_vivid_c.jpg
Amee Donovan,<change me>US/Amee Donovan (US),http://www.iafd.com/graphics/headshots/ameedonovan.jpg
Amia Miley,<change me>US/Amia Miley (US),http://www.iafd.com/graphics/headshots/amiamoretti_09_f_amia_twisty.jpg
Amilia Onyx,<change me>US/Amilia Onyx (US),http://www.iafd.com/graphics/headshots/amiliaonyx_f_cvcx.jpg
Amy Starz,<change me>US/Amy Starz (US),http://www.iafd.com/graphics/headshots/amystarz_f_amystarz_onlyteenblowjobs.jpg
Ana Rose,<change me>US/Ana Rose (US),http://www.iafd.com/graphics/headshots/anarose_us_f_anarose.jpg
Anastasia Rose,<change me>US/Anastasia Rose (US),http://www.iafd.com/graphics/headshots/anastasiarose_f_anastasiarose_.jpg
Andi Rye,<change me>US/Andi Rye (US),http://www.iafd.com/graphics/headshots/andirye_f_0.jpg
Zoe Sparx,<change me>US/Andi Rye (US),http://www.iafd.com/graphics/headshots/andirye_f_0.jpg
Andy San Dimas,<change me>US/Andy San Dimas (US),http://www.iafd.com/graphics/headshots/andysandimas_f_andysandimashs.jpg
Angela Stone,<change me>US/Angela Stone (US),http://www.iafd.com/graphics/headshots/angelastone_f_angelastone_lad1.jpg
Angelica Lane,<change me>US/Angelica Lane (US),http://www.iafd.com/graphics/headshots/angelinalane_f_angelicalane_jscottphotogr.jpg
Angelica Saige,<change me>US/Angelica Saige (US),http://www.iafd.com/graphics/headshots/angelicasaige_f_angelicasaige_suze.jpg
Anikka Albrite,<change me>US/Anikka Albrite (US),http://www.iafd.com/graphics/headshots/annikaalbright_f_52.jpg
Anna De Ville,<change me>US/Anna De Ville (US),http://www.iafd.com/graphics/headshots/annalee_15_f_anna_deville_atk.jpg
Anna Morna,<change me>US/Anna Morna (US),http://www.iafd.com/graphics/headshots/anastasiamorna_f_anastasiamorna_bb.jpg
Anna Swix,<change me>US/Anna Swix (US),http://www.iafd.com/graphics/headshots/annaswix_f_25.jpg
Annie Body,<change me>US/Annie Body (US),http://www.iafd.com/graphics/headshots/anastasiax_f__anniebody2.jpg
Anya Olsen,<change me>US/Anya Olsen (US),http://www.iafd.com/graphics/headshots/anyaolsen_f_anya_olsen_21s.jpg
April Brookes,<change me>US/April Brookes (US),http://www.iafd.com/graphics/headshots/aprilbrookes_f_abrookes.jpg
April Dawn,<change me>US/April Dawn (US),http://www.iafd.com/graphics/headshots/aprildawn_f_april-dawn-face-fucking-02.jpg
April Flowers,<change me>US/April Flowers (US),http://www.iafd.com/graphics/headshots/aflowers_f_april001_037.jpg
April ONeil,<change me>US/April O'Neil (US),http://www.iafd.com/graphics/headshots/apriloneil_f_dc.jpg
April Reid,<change me>US/April Reid (US),http://www.iafd.com/graphics/headshots/aprilreid_f_36.jpg
April Snow,<change me>US/April Snow (US),http://www.iafd.com/graphics/headshots/aprilsnow_f_hg.jpg
Aria Alexander,<change me>US/Aria Alexander (US),http://www.iafd.com/graphics/headshots/ariaalexander_f_aria_alexander.jpg
Aria Lee,<change me>US/Aria Lee (US),http://www.iafd.com/graphics/headshots/arialee_f_20.jpg
Ariana Marie,<change me>US/Ariana Marie (US),http://www.iafd.com/graphics/headshots/arianamarie_f_ariana_marie_tushy.jpg
Arietta Adams,<change me>US/Arietta Adams (US),http://www.iafd.com/graphics/headshots/ariettaadams_f_4.jpg
Ashley Adams,<change me>US/Ashley Adams (US),http://www.iafd.com/graphics/headshots/ashleyadams_pmm.jpg
Ashley Graham,<change me>US/Ashley Graham (US),http://www.iafd.com/graphics/headshots/ashleygraham_f_74.jpg
Ashley Lane,<change me>US/Ashley Lane (US),http://www.iafd.com/graphics/headshots/ashleylane_f_ash.jpg
Ashley Raines,<change me>US/Ashley Raines (US),http://www.iafd.com/graphics/headshots/emarilyn_f_emilymarilyn_170x200_emilymarilyncom.jpg
Ashlyn Molloy,<change me>US/Ashlyn Molloy (US),http://www.iafd.com/graphics/headshots/ashlynmolloy_f_ashlynnmolloy2.jpg
Ashlyn Rae,<change me>US/Ashlyn Rae (US),http://www.iafd.com/graphics/headshots/ashlynrae_f_ashlynrae_metrotalent.jpg
Ashlynn Brooke,<change me>US/Ashlynn Brooke (US),http://www.iafd.com/graphics/headshots/ashlynnbrooke_f_ashlynnbrooke_twisty.jpg
Athena Faris,<change me>US/Athena Faris (US),http://www.iafd.com/graphics/headshots/athenafaris_f_0001.jpg
Athena Palomino,<change me>US/Athena Palomino (US),http://www.iafd.com/graphics/headshots/athenapalomino_f_32.jpg
Athena Pleasures,<change me>US/Athena Pleasures (US),http://www.iafd.com/graphics/headshots/athenapleasures_f_athenapleasures_na.jpg
Athena Rayne,<change me>US/Athena Rayne (US),http://www.iafd.com/graphics/headshots/athenarayne_f_athena%20rayne.jpg
Aubrey Sinclair,<change me>US/Aubrey Sinclair (US),http://www.iafd.com/graphics/headshots/aubreysinclair_f_01.jpg
Audrey Hempburne,<change me>US/Audrey Hempburne (US),http://www.iafd.com/graphics/headshots/audreyhempburne_f_51.jpg
August Ames,<change me>US/August Ames (US),http://www.iafd.com/graphics/headshots/augustames_f_578.jpg
Aurora Monroe,<change me>US/Aurora Monroe (US),http://www.iafd.com/graphics/headshots/auroramonroe_f_aurora.jpg
Austin Kincaid,<change me>US/Austin Kincaid (US),http://www.iafd.com/graphics/headshots/austinkinkaid_f_austinkincaid.jpg
Autumn Falls,<change me>US/Autumn Falls (US),http://www.iafd.com/graphics/headshots/autumnfalls_f_77.jpg
Ava Parker,<change me>US/Ava Parker (US),http://www.iafd.com/graphics/headshots/avaparker_f_cx.jpg
Ava Sparxxx,<change me>US/Ava Sparxxx (US),http://www.iafd.com/graphics/headshots/avasparxxx_f_avasparxxx.jpg
Ava Taylor,<change me>US/Ava Taylor (US),http://www.iafd.com/graphics/headshots/avataylor_f_avataylor.jpg
Avery Stone,<change me>US/Avery Stone (US),http://www.iafd.com/graphics/headshots/averystone17_f_254.jpg
Avi Love,<change me>US/Avi Love (US),http://www.iafd.com/graphics/headshots/avilove_f_avi_love_ftv.jpg
Avy Scott,<change me>US/Avy Scott (US),http://www.iafd.com/graphics/headshots/avyscott.jpg
Bailey Bae,<change me>US/Bailey Bae (US),http://www.iafd.com/graphics/headshots/baileybae_f_bailey_bae.jpg
Bailey Brooke,<change me>US/Bailey Brooke (US),http://www.iafd.com/graphics/headshots/baileybrooks_2016_f_74.jpg
Bella Rose,<change me>US/Bella Rose (US),http://www.iafd.com/graphics/headshots/bellarose_15_f_bellarose_15_ns.jpg
Belle Claire,<change me>US/Belle Claire (US),http://www.iafd.com/graphics/headshots/belleclaire_f_1..jpg
Belle Knox,<change me>US/Belle Knox (US),http://www.iafd.com/graphics/headshots/belleknox_f_744.jpg
Bethany Benz,<change me>US/Bethany Benz (US),http://www.iafd.com/graphics/headshots/bethanybenz_f_545.jpg
Bethany Sweet,<change me>US/Bethany Sweet (US),http://www.iafd.com/graphics/headshots/bethanysweet_f_bethanysweet_allover30.jpg
Bianca Breeze,<change me>US/Bianca Breeze (US),http://www.iafd.com/graphics/headshots/biancabreeze_f_biancabreeze2.jpg
Blair Summers,<change me>US/Blair Summers (US),http://www.iafd.com/graphics/headshots/blairsummers_f_blairs.jpg
Blair Williams,<change me>US/Blair Williams (US),http://www.iafd.com/graphics/headshots/blairwilliams_f_cd.jpg
Blake Eden,<change me>US/Blake Eden (US),http://www.iafd.com/graphics/headshots/blakeeden_f_blake_eden.jpg
Blake Rose,<change me>US/Blake Rose (US),http://www.iafd.com/graphics/headshots/blakerose_f_blakerose_na.jpg
Bobbi Dylan,<change me>US/Bobbi Dylan (US),http://www.iafd.com/graphics/headshots/bobbidylan_f_bobbidylan_.jpg
Bobbi Starr,<change me>US/Bobbi Starr (US),http://www.iafd.com/graphics/headshots/bobbistar_f_bobbistarr_na.jpg
Brandi Lyons,<change me>US/Brandi Lyons (US),http://www.iafd.com/graphics/headshots/200612318500_brandylyons.jpg
Brandy Dean,<change me>US/Brandy Dean (US),http://www.iafd.com/graphics/headshots/brandydean_f_41.jpg
Breanne Benson,<change me>US/Breanne Benson (US),http://www.iafd.com/graphics/headshots/breanne_f_breanne_f_breannebenson_na.jpg
Bree Daniels,<change me>US/Bree Daniels (US),http://www.iafd.com/graphics/headshots/bree_daniels_f_xxxx.jpg
Bree Olson,<change me>US/Bree Olson (US),http://www.iafd.com/graphics/headshots/breeolson_f_breeolson1.jpg
Brianna Beach,<change me>US/Brianna Beach (US),http://www.iafd.com/graphics/headshots/briannabeach_f_41..jpg
Brianna Bragg,<change me>US/Brianna Bragg (US),http://www.iafd.com/graphics/headshots/briannabragg_f_briannabragg_rm_c.jpg
Britney Amber,<change me>US/Britney Amber (US),http://www.iafd.com/graphics/headshots/brittanyamber_f_brittanyamber_brazzers.jpg
Britney Beth,<change me>US/Britney Beth (US),http://www.iafd.com/graphics/headshots/britneybeth_f_20105.jpg
Britney Blue,<change me>US/Jayde Symz (US),http://www.iafd.com/graphics/headshots/lacychanning_f_321.jpg
Britney Light,<change me>US/Britney Light (US),http://www.iafd.com/graphics/headshots/sablejones_f_bcvbbvc.jpg
Britney Young,<change me>US/Britney Young (US),http://www.iafd.com/graphics/headshots/britneyyoung_f_e.jpg
Brittany Shae,<change me>US/Brittany Shae,http://www.iafd.com/graphics/headshots/brittanyshae-rk.jpg
Brooke Avery,<change me>US/Brooke Avery (US),
Brooke Haven,<change me>US/Brooke Haven (US),http://www.iafd.com/graphics/headshots/brookehaven_f_e.jpg
Brooke Haze,<change me>US/Brooke Haze (US),http://www.iafd.com/graphics/headshots/brookehaze_f_brookehaze.jpg
Brooke Lee Adams,<change me>US/Brooke Lee Adams (US),http://www.iafd.com/graphics/headshots/brookeadams_09_f_516.jpg
Brooke Wylde,<change me>US/Brooke Wylde (US),http://www.iafd.com/graphics/headshots/brookewylde_f_brookewyle.jpg
Brooklyn Chase,<change me>US/Brooklyn Chase (US),http://www.iafd.com/graphics/headshots/brooklynchase_f_brooklynchase_na.jpg
Brooklyn Gray,<change me>US/Brooklyn Gray (US),http://www.iafd.com/graphics/headshots/brooklyngray_f_44.jpg
Brooklyn Lee,<change me>US/Brooklyn Lee (US),http://www.iafd.com/graphics/headshots/brooklynlee_f_brooklynlee_na.jpg
Cadence Lux,<change me>US/Cadence Lux (US),http://www.iafd.com/graphics/headshots/cadencelux_f_cadencelux.jpg
Cadey Mercury,<change me>US/Cadey Mercury (US),http://www.iafd.com/graphics/headshots/cadeymercury_f_0.jpg
Cali Carter,<change me>US/Cali Carter (US),http://www.iafd.com/graphics/headshots/calicarter_f_2325.jpg
Cali Hayes,<change me>US/Cali Hayes (US),http://www.iafd.com/graphics/headshots/calihayes_f_cali_hayes.jpg
Cali Sparks,<change me>US/Cali Sparks (US),http://www.iafd.com/graphics/headshots/calisparks_f_calisparks46.jpg
Callie Calypso,<change me>US/Callie Calypso (US),http://www.iafd.com/graphics/headshots/calliecalypso_f_calliecalypso.jpg
Cameron Dee,<change me>US/Cameron Dee (US),http://www.iafd.com/graphics/headshots/embryprada_f_embry_prada.jpg
Cammie Fox,<change me>US/Cammie Fox (US),http://www.iafd.com/graphics/headshots/cammiefox_f_cammiefox_101mod.jpg
Candi Apple,<change me>US/Candi Apple (US),http://www.iafd.com/graphics/headshots/candiapple_f_candiapple.jpg
Candice Luca,<change me>US/Candice Luca (US),http://www.iafd.com/graphics/headshots/candiceluca_f_candice_luca_ddf.jpg
Capri Anderson,<change me>US/Capri Anderson (US),http://www.iafd.com/graphics/headshots/alexiscapri_f_alexiscapri_cameltoehoes.jpg
Carly Kaleb,<change me>US/Carly Kaleb (US),http://www.iafd.com/graphics/headshots/thumbs/th_carly_04_f_carlykaleb.jpg
Carly Moore,<change me>US/Carly Moore (US),https://img3.vod.com/image/star/359/Carly_Moore-3599.0.jpg
Carmella Bing,<change me>US/Carmella Bing (US),http://www.iafd.com/graphics/headshots/carmellabing_f_21.jpg
Carmella Crush,<change me>US/Carmella Crush (US),http://www.iafd.com/graphics/headshots/carmellacrush_f_52.jpg
Carmen Callaway,<change me>US/Carmen Callaway (US),http://www.iafd.com/graphics/headshots/carmencallaway_f_carmen_calloway_footsie.jpg
Carmen Kinsley,<change me>US/Carmen Kinsley (US),http://www.iafd.com/graphics/headshots/carmenkinsley_f_20061125105044_192349-_f8e2936a.jpg
Carmen McCarthy,<change me>US/Carmen McCarthy (US),http://www.iafd.com/graphics/headshots/carmenmccarthy_f_cart.jpg
Carmen Monet,<change me>US/Carmen Monet (US),http://www.iafd.com/graphics/headshots/carmenmonet_f_mon.jpg
Carolina Sweets,<change me>US/Carolina Sweets (US),http://www.iafd.com/graphics/headshots/carolinasweets_f_car.jpg
Caroline Ray,<change me>US/Caroline Ray (US),http://www.iafd.com/graphics/headshots/carolineray_f_carolineray.jpg
Carter Cruise,<change me>US/Carter Cruise (US),http://www.iafd.com/graphics/headshots/cartercruise_na.jpg
Casey Calvert,<change me>US/Casey Calvert (US),http://www.iafd.com/graphics/headshots/caseycalvert_f_casey_calvert_twistys.jpg
Cassidey,<change me>US/Cassidey (US),http://www.iafd.com/graphics/headshots/2013H001.JPG
Cassidy Banks,<change me>US/Cassidy Banks (US),http://www.iafd.com/graphics/headshots/cassidybanks_f_cassidy_banks.jpg
Cassidy Klein,<change me>US/Cassidy Klein (US),http://www.iafd.com/graphics/headshots/bridgetbond_f_cassidyklein_na.jpg
Cece Capella,<change me>US/Cece Capella (US),http://www.iafd.com/graphics/headshots/cececapella_f_cececapella.jpg
Cecilia Lion,<change me>US/Cecilia Lion (US),http://www.iafd.com/graphics/headshots/cecilialion_f_gdfgfdg.jpg
Charity Crawford,<change me>US/Charity Crawford (US),http://www.iafd.com/graphics/headshots/charitycrawford_f_charity_crawford_otb.jpg
Charlie James,<change me>US/Charlie James (US),http://www.iafd.com/graphics/headshots/charliejames_f_charliejames_foxxmod.jpg
Charlotte Cross,<change me>US/Charlotte Cross (US),http://www.iafd.com/graphics/headshots/charlotteoryan_xxxpass.jpg
Charlotte Sartre,<change me>US/Charlotte Sartre (US),http://www.iafd.com/graphics/headshots/charlottesartre_f_dfag.jpg
Charlotte Stokely,<change me>US/Charlotte Stokely (US),http://www.iafd.com/graphics/headshots/charlottestokely_f_dsc06055.jpg
Chastity Lynn,<change me>US/Chastity Lynn (US),http://www.iafd.com/graphics/headshots/chastitylynn_f_chastitylynn_onlyteenblowjobs.jpg
Chelsie Rae,<change me>US/Chelsie Rae (US),http://www.iafd.com/graphics/headshots/chelsierae_f_pict6030.jpg
Cherie Deville,<change me>US/Cherie Deville (US),http://www.iafd.com/graphics/headshots/cherideville_f_cheriedeville44.jpg
Cherry Poppens,<change me>US/Cherry Poppens (US),http://www.iafd.com/graphics/headshots/cherrypoppens_f_th32.jpg
Cheyenne Silver,<change me>US/Cheyenne Silver (US),http://www.iafd.com/graphics/headshots/cheyennesilver.jpg
Chloe Amour,<change me>US/Chloe Amour (US),http://www.iafd.com/graphics/headshots/chloeamour_f_chloeamour.jpg
Chloe Cherry,<change me>US/Chloe Cherry (US),http://www.iafd.com/graphics/headshots/chloecouture_f_chloe_.jpg
Chloe Scott,<change me>US/Chloe Scott (US),http://www.iafd.com/graphics/headshots/chloescott_f_201756174549_chloescott.jpg
Christie Lee,<change me>US/Christie Lee (US),http://www.iafd.com/graphics/headshots/christielee_f_christielee.jpg
Christy Love,<change me>US/Christy Love (US),http://www.iafd.com/graphics/headshots/christylove_2017_f_51.jpg
Cindy Jones,<change me>US/Cindy Jones (US),http://www.iafd.com/graphics/headshots/cindyjones_09_f_cindyjones_rodneymoore.jpg
Claire Robbins,<change me>US/Claire Robbins (US),http://www.iafd.com/graphics/headshots/clairerobbins_f_clairerobbins_f_clairerobbins.jpg
Codi Vore,<change me>US/Codi Vore (US),http://www.iafd.com/graphics/headshots/codivore_f_30.jpg
Coralee Summers,<change me>US/Coralee Summers (US),http://www.iafd.com/graphics/headshots/coraleesummers_f_01101.jpg
Crissy Moran,<change me>US/Crissy Moran (US),http://www.iafd.com/graphics/headshots/crissymoran_f_crissymoran_twisty.jpg
Cristina Agave,<change me>US/Cristina Agave (US),http://www.iafd.com/graphics/headshots/cristinaagave_f_christinaagave_lad_c.jpg
Crystal Rae,<change me>US/Crystal Rae (US),http://www.iafd.com/graphics/headshots/cyrstalrae_f_crystalrae44.jpg
Cytherea,<change me>US/Cytherea (US),http://www.iafd.com/graphics/headshots/cytherea.jpg
Dahlia Denyle,<change me>US/Dahlia Denyle (US),http://www.iafd.com/graphics/headshots/dhaliadenyle_f_dahliadenyle_viptalent.jpg
Daisy Dalton,<change me>US/Daisy Dalton (US),http://www.iafd.com/graphics/headshots/daisydalton_f_daisy_dalton.jpg
Daisy Haze,<change me>US/Daisy Haze (US),http://www.iafd.com/graphics/headshots/daisysummers_f_daisy_summers.jpg
Daisy Stone,<change me>US/Daisy Stone (US),http://www.iafd.com/graphics/headshots/daisystone_f_62.jpg
Daisy Summers,<change me>US/Daisy Haze (US),http://www.iafd.com/graphics/headshots/daisysummers_f_daisy_summers.jpg
Dakota James,<change me>US/Dakota James (US),http://www.iafd.com/graphics/headshots/dakotajames_f_dakotajames.jpg
Dakota Skye,<change me>US/Dakota Skye (US),http://www.iafd.com/graphics/headshots/dakotaskye_f_dakotaskye.jpg
Dana Dearmond,<change me>US/Dana Dearmond (US),http://www.iafd.com/graphics/headshots/danadearmond_f_41.jpg
Dani Daniels,<change me>US/Dani Daniels (US),http://www.iafd.com/graphics/headshots/danidaniels_f_5.jpg
Dani Jensen,<change me>US/Dani Jensen (US),http://www.iafd.com/graphics/headshots/danijensen_f_danijensen_170x200_jizzbomb.jpg
Dani Lynn,<change me>US/Dani Lynn (US),http://www.iafd.com/graphics/headshots/danilynn_f_vb.jpg
Danni Rivers,<change me>US/Danni Rivers (US),http://www.iafd.com/graphics/headshots/dannirivers_f_26.jpg
Daphne Dare,<change me>US/Daphne Dare (US),http://www.iafd.com/graphics/headshots/daphnedare_f_14.jpg
Daphne Flor,<change me>US/Daphne Flor (US),http://www.iafd.com/graphics/headshots/daphneflor_f_daphneflor_gloryhole.jpg
Darcia Lee,<change me>US/Darcia Lee (US),http://www.iafd.com/graphics/headshots/darcialee_f_36.jpg
Davina Davis,<change me>US/Davina Davis (US),http://www.iafd.com/graphics/headshots/addisonryder_f_1.jpg
Dee Dee Lynn,<change me>US/Dee Dee Lynn (US),http://www.iafd.com/graphics/headshots/deedeelynn_f_deedeelynn.jpg
Delilah Blue,<change me>US/Delilah Blue (US),http://www.iafd.com/graphics/headshots/delilahblue_f_0122.jpg
Demi Sutra,<change me>US/Demi Sutra (US),http://www.iafd.com/graphics/headshots/ajaaxxx_f_0.jpg
Devon Green,<change me>US/Devon Green (US),http://www.iafd.com/graphics/headshots/devongreen_f_4.jpg
Diana Grace,<change me>US/Diana Grace (US),http://www.iafd.com/graphics/headshots/dianagrace_f_03.jpg
Dillion Carter,<change me>US/Dillion Carter (US),http://www.iafd.com/graphics/headshots/dillioncarter_f_dillioncarter.jpg
Dillion Harper,<change me>US/Dillion Harper (US),http://www.iafd.com/graphics/headshots/dillionharper_f_74.jpg
Dixie Lynn,<change me>US/Dixie Lynn (US),http://www.iafd.com/graphics/headshots/dixielynn_f_20.jpg
Dolly Leigh,<change me>US/Dolly Leigh (US),http://www.iafd.com/graphics/headshots/dollyleigh_f_dolly_leigh.jpg
Dolly Little,<change me>US/Dolly Little (US),http://www.iafd.com/graphics/headshots/dollylittle_f_2016223135142_red.jpg
Eden Sin,<change me>US/Eden Sin (US),http://www.iafd.com/graphics/headshots/edensinclair_brokemodel_f_62.jpg
Edyn Blair,<change me>US/Edyn Blair (US),http://www.iafd.com/graphics/headshots/edynblair_perf.jpg
Ela Darling,<change me>US/Ela Darling (US),http://www.iafd.com/graphics/headshots/eladarling_f_eladarling_onemodelplace.jpg
Elena Koshka,<change me>US/Elena Koshka (US),http://www.iafd.com/graphics/headshots/elenakoshka_f_b.jpg
Eliza Ibarra,<change me>US/Eliza Ibarra (US),http://www.iafd.com/graphics/headshots/elizaibarra_f_2.jpg
Ella Knox,<change me>US/Ella Knox (US),http://www.iafd.com/graphics/headshots/ellaknox_f_ellaknox.jpg
Ella Milano,<change me>US/Ella Milano (US),http://www.iafd.com/graphics/headshots/ellamilano_f_20108113914_ellamilano.jpg
Ella Nova,<change me>US/Ella Nova (US),http://www.iafd.com/graphics/headshots/ellanova_f_111111.jpg
Elle Alexandra,<change me>US/Elle Alexandra (US),http://www.iafd.com/graphics/headshots/ellealexandra_f_ds.jpg
Elsa Jean,<change me>US/Elsa Jean (US),http://www.iafd.com/graphics/headshots/elsajean_f_0.jpg
Ember Snow,<change me>US/Ember Snow (US),http://www.iafd.com/graphics/headshots/embersnow_f_sow.jpg
Ember Stone,<change me>US/Ember Stone (US),http://www.iafd.com/graphics/headshots/emberstone_f_ember_stone_digitaldesire.jpg
Emilianna,<change me>US/Emilianna (US),http://www.iafd.com/graphics/headshots/emilianna_05_f_0046.jpg
Emily Addison,<change me>US/Emily Addison (US),http://www.iafd.com/graphics/headshots/emilyaddison_f_54.jpg
Emily Austin,<change me>US/Emily Austin (US),http://www.iafd.com/graphics/headshots/emilyaustin_f_emily_austin_21s.jpg
Emily Blacc,<change me>US/Emily Blacc (US),http://www.iafd.com/graphics/headshots/emilyblacc_f_45.jpg
Emily George,<change me>US/Emily George (US),http://www.iafd.com/graphics/headshots/emilygeorge_f__emilygeorge.jpg
Emily Grey,<change me>US/Emily Grey (US),http://www.iafd.com/graphics/headshots/emilygrey_f_emily_grey.jpg
Emily Kae,<change me>US/Emily Kae (US),http://www.iafd.com/graphics/headshots/emilykaie_f_emilykaie.jpg
Emily Willis,<change me>US/Emily Willis (US),http://www.iafd.com/graphics/headshots/emilywillis_f_d3.jpg
Emma Evins,<change me>US/Emma Evins (US),http://www.iafd.com/graphics/headshots/emmaevans_f_2..jpg
Emma Hix,<change me>US/Emma Hix (US),http://www.iafd.com/graphics/headshots/crissykay_f_emmahixbrazzers.jpg
Emma Red,<change me>US/Emma Red (US),http://www.iafd.com/graphics/headshots/emmared_f_emmared_fresh.jpg
Emma Starletto,<change me>US/Emma Starletto (US),http://www.iafd.com/graphics/headshots/emmastarletto_f_df.jpg
Erin Moore,<change me>US/Erin Moore (US),http://www.iafd.com/graphics/headshots/erinmoore.jpg
Erin Stone,<change me>US/Erin Stone (US),http://www.iafd.com/graphics/headshots/erinstone_f_erinstone_jesseloads.jpg
Esmi Lee,<change me>US/Esmi Lee (US),http://www.iafd.com/graphics/headshots/esmilee_f_esmi_.jpg
Eva Lovia,<change me>US/Eva Lovia (US),http://www.iafd.com/graphics/headshots/missevalovia_f_4141.jpg
Eva Yi,<change me>US/Eva Yi (US),http://www.iafd.com/graphics/headshots/evayi_f_25.jpg
Evelin Stone,<change me>US/Evelin Stone (US),http://www.iafd.com/graphics/headshots/evelinstone_f_evelinstone.jpg
Evelyn Claire,<change me>US/Evelyn Claire (US),http://www.iafd.com/graphics/headshots/evelynclaire_f_evelynclaire.jpg
Evi Fox,<change me>US/Evi Fox (US),http://www.iafd.com/graphics/headshots/evifoxx_f_evifoxx44.jpg
Farrah Flower,<change me>US/Farrah Flower (US),http://www.iafd.com/graphics/headshots/farrahflower_f_farrah_flower_rk.jpg
Faye Reagan,<change me>US/Faye Reagan (US),http://www.iafd.com/graphics/headshots/fayevalentine_f_fayevalentine_absolutemod.jpg
Felicia Clover,<change me>US/Felicia Clover (US),http://www.iafd.com/graphics/headshots/feliciaclover_f_felicia_clover.jpg
Felix Vicious,<change me>US/Felix Vicious (US),http://www.iafd.com/graphics/headshots/fvicious_f_felixvicious_amk.jpg
Flower Tucci,<change me>US/Flower Tucci (US),http://www.iafd.com/graphics/headshots/flower031.jpg
Gabbie Carter,<change me>US/Gabbie Carter (US),http://www.iafd.com/graphics/headshots/gabbiecarter_f_14.jpg
Gabriela Lopez,<change me>US/Gabriela Lopez (US),http://www.iafd.com/graphics/headshots/gabrielalopez_f_58.jpg
Gia Derza,<change me>US/Gia Derza (US),http://www.iafd.com/graphics/headshots/giaderza_f_3.jpg
Gia Paige,<change me>US/Gia Paige (US),http://www.iafd.com/graphics/headshots/giapaige_f_1..jpg
Gianna Dior,<change me>US/Gianna Dior (US),http://www.iafd.com/graphics/headshots/giannadior_f_3.jpg
Gianna Gem,<change me>US/Gianna Gem (US),http://www.iafd.com/graphics/headshots/giannagem_f_5.jpg
Gianna Michaels,<change me>US/Gianna Michaels (US),http://www.iafd.com/graphics/headshots/gianna05_f_giannamichaels_heavyhandful.jpg
Gina Valentina,<change me>US/Gina Valentina (US),http://www.iafd.com/graphics/headshots/ginavalentina_2015_f_ginavalentina.jpg
Ginger Blaze,<change me>US/Ginger Blaze (US),http://www.iafd.com/graphics/headshots/gingerblaze_f_gingerblaze_bigtitpatrol.jpg
Giselle Leon,<change me>US/Giselle Leon (US),http://www.iafd.com/graphics/headshots/lexibrooks_f_lexibrooks_manojob.jpg
Giselle Palmer,<change me>US/Giselle Palmer (US),http://www.iafd.com/graphics/headshots/gisellepalmer_f_dsc01300.jpg
Gracie Glam,<change me>US/Gracie Glam (US),http://www.iafd.com/graphics/headshots/gracieglam_f_012.jpg
Gracie May Green,<change me>US/Gracie May Green (US),http://www.iafd.com/graphics/headshots/graciegreen_f_78.jpg
Grae Stoke,<change me>US/Grae Stoke (US),http://www.iafd.com/graphics/headshots/graestoke_f_140.jpg
Gwen Stark,<change me>US/Gwen Stark (US),http://www.iafd.com/graphics/headshots/gwenstark_f_gwen_stark.jpg
Gwen Summers,<change me>US/Gwen Summers (US),http://www.iafd.com/graphics/headshots/gwensummers_f_gwensummers_170x200_wicked.jpg
Hadley Viscara,<change me>US/Hadley Viscara (US),http://www.iafd.com/graphics/headshots/hadleyviscara_f_viscara.jpg
Hailey Little,<change me>US/Hailey Little (US),http://www.iafd.com/graphics/headshots/haileylittle_f_3698.jpg
Hailey Paige,<change me>US/Hailey Paige (US),http://www.iafd.com/graphics/headshots/haleypaige_f_haley.jpg
Haley Cummings,<change me>US/Haley Cummings (US),http://www.iafd.com/graphics/headshots/haleycummings_f_haleycummings_na.jpg
Haley Reed,<change me>US/Haley Reed (US),http://www.iafd.com/graphics/headshots/haleyreed_f_ds.jpg
Hanna Hilton,<change me>US/Hanna Hilton (US),http://www.iafd.com/graphics/headshots/hannahilton_f_hannahilton_twisty.jpg
Hannah Hays,<change me>US/Hannah Hays (US),http://www.iafd.com/graphics/headshots/hannahhays_f_3..jpg
Harley Jade,<change me>US/Harley Jade (US),http://www.iafd.com/graphics/headshots/harleyjade_f_harley%20jade.jpg
Harley Jameson,<change me>US/Harley Jameson (US),http://www.iafd.com/graphics/headshots/harleyjameson_f_harleyjameson.jpg
Harmony Rose,<change me>US/Harmony Rose (US),http://www.iafd.com/graphics/headshots/harmonyrose_f_harmonyrose_naughtam.jpg
Harmony Wonder,<change me>US/Harmony Wonder (US),http://www.iafd.com/graphics/headshots/harmonywonder_f_4..jpg
Hayden Bell,<change me>US/Hayden Bell (US),http://www.iafd.com/graphics/headshots/haydenbell_f_haydenbell_metrotal.jpg
Hayden Winters,<change me>US/Hayden Winters (US),http://www.iafd.com/graphics/headshots/haydenwinters_dd.jpg
Hazel Moore,<change me>US/Hazel Moore (US),http://www.iafd.com/graphics/headshots/hazelmoore_f_1.jpg
Heather Night,<change me>US/Heather Night (US),http://www.iafd.com/graphics/headshots/heathernight_f_heather_night.jpg
Heather Silk,<change me>US/Heather Silk (US),http://www.iafd.com/graphics/headshots/silkythumper_f_heathersilk_foxxx_c.jpg
Heather Starlett,<change me>US/Heather Starlett (US),http://www.iafd.com/graphics/headshots/heatherstarlet_09_f_heatherstarlet_suze.jpg
Holly Hansen,<change me>US/Holly Hansen (US),http://www.iafd.com/graphics/headshots/hollyhansen_f_hollyhansen_totalguystuff.jpg
India Summer,<change me>US/India Summer (US),http://www.iafd.com/graphics/headshots/indiasummer_f_india-053.jpg
Indigo Augustine,<change me>US/Indigo Augustine (US),http://www.iafd.com/graphics/headshots/indigo_10_f_indigo_augustine_ea.jpg
Isabella Nice,<change me>US/Isabella Nice (US),http://www.iafd.com/graphics/headshots/isabellanice_f_cx.jpg
Isabella Soprano,<change me>US/Isabella Soprano (US),http://www.iafd.com/graphics/headshots/isabellasoprano_f_isabellasoprano_170x200_yankmycrank.jpg
Isis Taylor,<change me>US/Isis Taylor (US),http://www.iafd.com/graphics/headshots/isistaylor_f_isistaylor_rk.jpg
Ivana Bianchi,<change me>US/Ivana Bianchi (US),http://www.iafd.com/graphics/headshots/ivanabranchi_f_ivanabianchi_bb.jpg
Ivy Wolfe,<change me>US/Ivy Wolfe (US),http://www.iafd.com/graphics/headshots/ivywolfe_f_41.jpg
Jada Stevens,<change me>US/Jada Stevens (US),http://www.iafd.com/graphics/headshots/jadastevens_f_jadastevens_lad.jpg
Jade Kush,<change me>US/Jade Kush (US),http://www.iafd.com/graphics/headshots/jadekush_f_3.jpg
Jade Nile,<change me>US/Jade Nile (US),http://www.iafd.com/graphics/headshots/jadenile_f_jadenile44.jpg
Jamie Elle,<change me>US/Jamie Elle (US),http://www.iafd.com/graphics/headshots/jamieelle_f_jamieelle_silverstarnew.jpg
Jamie Jackson,<change me>US/Jamie Jackson (US),http://www.iafd.com/graphics/headshots/JamieJackson13_bb.jpg
Jane Wilde,<change me>US/Jane Wilde (US),http://www.iafd.com/graphics/headshots/janewilde_f_4141.jpg
Janice Griffith,<change me>US/Janice Griffith (US),http://www.iafd.com/graphics/headshots/janicegriffith_f_janicegriffith.jpg
Jasmine Grey,<change me>US/Jasmine Grey (US),http://www.iafd.com/graphics/headshots/jasminegrey_2017_f_23.jpg
Jasmine Vega,<change me>US/Jasmine Vega (US),http://www.iafd.com/graphics/headshots/jasminevega_f_4224.jpg
Jasmine Wolff,<change me>US/Jasmine Wolff (US),http://www.iafd.com/graphics/headshots/shayebennett_f_shayebennett_amk.jpg
Jay Taylor,<change me>US/Jay Taylor (US),http://www.iafd.com/graphics/headshots/jaytaylor_f_2651.jpg
Jayde Symz,<change me>US/Jayde Symz (US),http://www.iafd.com/graphics/headshots/lacychanning_f_321.jpg
Jayden Lee,<change me>US/Jayden Lee (US),http://www.iafd.com/graphics/headshots/jaydenlee_11_f_jaydenlee_atkexo.jpg
Jayna Oso,<change me>US/Jayna Oso (US),http://www.iafd.com/graphics/headshots/jaynaoso_f_jaynaoso1.jpg
Jelena Jensen,<change me>US/Jelena Jensen (US),http://www.iafd.com/graphics/headshots/jelenajensen_f_jelenajensen.jpg
Jemma Valentine,<change me>US/Jemma Valentine (US),http://www.iafd.com/graphics/headshots/jemmavalentine_f_dar121_s01_011.jpg
Jenaveve Jolie,<change me>US/Jenaveve Jolie (US),http://www.iafd.com/graphics/headshots/jenavevejolie_f_jenavevejolie_atk.jpg
Jenna Doll,<change me>US/Jenna Doll (US),http://www.iafd.com/graphics/headshots/jennasimpson_f_jennadoll_heavyhandfuls.jpg
Jenna Foxx,<change me>US/Jenna Foxx (US),http://www.iafd.com/graphics/headshots/jennajfoxx_f_1..jpg
Jenna Ivory,<change me>US/Jenna Ivory (US),http://www.iafd.com/graphics/headshots/jennaivory_f_jenna_ivory.jpg
Jennifer Fulfer McCall,<change me>US/Jennifer Fulfer McCall (US),
Jennifer Jacobs,<change me>US/Jennifer Jacobs (US),http://www.iafd.com/graphics/headshots/jenniferjacobs_f_vcxxvccv.jpg
Jennifer White,<change me>US/Jennifer White (US),http://www.iafd.com/graphics/headshots/jenniferwhite_f_jennifer_white_21s.jpg
Jericha Jem,<change me>US/Jericha Jem (US),http://www.iafd.com/graphics/headshots/jerichajem_f_2.jpg
Jessa Rhodes,<change me>US/Jessa Rhodes (US),http://www.iafd.com/graphics/headshots/jessarhodes_f_4141%20(1).jpg
Jessica Darlin,<change me>US/Jessica Darlin (US),http://www.iafd.com/graphics/headshots/jdarlin_f_jessicadarlin2.jpg
Jessica Rex,<change me>US/Jessica Rex (US),http://www.iafd.com/graphics/headshots/jessicarex_f_jessica_rex_passionhd.jpg
Jessica Robbin,<change me>US/Jessica Robbin (US),http://www.iafd.com/graphics/headshots/jessicarobbin_f_01.jpg
Jessica Roberts,<change me>US/Jessica Roberts (US),http://www.iafd.com/graphics/headshots/jessicaroberts_f_27621_big.jpg
Jessica Ryan,<change me>US/Jessica Ryan (US),http://www.iafd.com/graphics/headshots/jessicaryan_f_jessicaryan2.jpg
Jessie Andrews,<change me>US/Jessie Andrews (US),http://www.iafd.com/graphics/headshots/jessieandrews_f_jessieandrews_na.jpg
Jill Kassidy,<change me>US/Jill Kassidy (US),http://www.iafd.com/graphics/headshots/jillkassidy_f_14.jpg
Jillian Janson,<change me>US/Jillian Janson (US),http://www.iafd.com/graphics/headshots/jillianbrookes_f_jillianbrookes.jpg
Jodi Taylor,<change me>US/Jodi Taylor (US),http://www.iafd.com/graphics/headshots/thumbs/th_joditaylor_f_41.jpg
Jojo Kiss,<change me>US/Jojo Kiss (US),http://www.iafd.com/graphics/headshots/jojokiss_pmm.jpg
Joseline Kelly,<change me>US/Joseline Kelly (US),http://www.iafd.com/graphics/headshots/joselinekelly_f_411.jpg
Julia Ann,<change me>US/Julia Ann (US),http://www.iafd.com/graphics/headshots/juliaann_f_d.jpg
Julie Kay,<change me>US/Julie Kay (US),http://www.iafd.com/graphics/headshots/juliekay_f_julie_kay.jpg
Kali Roses,<change me>US/Kali Roses (US),http://www.iafd.com/graphics/headshots/kalirose_f_kalirose2.jpg
Kali West,<change me>US/Kali West (US),http://www.iafd.com/graphics/headshots/kaliwest_f_kaliwest_giirlz.jpg
Kalina Ryu,<change me>US/Kalina Ryu (US),http://www.iafd.com/graphics/headshots/lilyocean_f_033622.jpg
Kandi Milan,<change me>US/Kandi Milan (US),http://www.iafd.com/graphics/headshots/kandimilan_f_kandimilan_karupsha.jpg
Kara Lee,<change me>US/Kara Lee (US),http://www.iafd.com/graphics/headshots/karalee_f_b.jpg
Karina White,<change me>US/Karina White (US),http://www.iafd.com/graphics/headshots/karinawhite_f_karinawhite_digitaldesire.jpg
Karla Kush,<change me>US/Karla Kush (US),http://www.iafd.com/graphics/headshots/karlakush_f_xzczxxc.jpg
Karlee Grey,<change me>US/Karlee Grey (US),http://www.iafd.com/graphics/headshots/karleegrey_f_karlee_grey.jpg
Karlie Montana,<change me>US/Karlie Montana (US),http://www.iafd.com/graphics/headshots/karliemontana_f_karliemontana_brazzers.jpg
Karter Foxx,<change me>US/Karter Foxx (US),http://www.iafd.com/graphics/headshots/karterfoxx_f_karter.jpg
Kasey Miller,<change me>US/Kasey Miller (US),http://www.iafd.com/graphics/headshots/daisylynne_f_bc.jpg
Kasey Warner,<change me>US/Kasey Warner (US),http://www.iafd.com/graphics/headshots/kaseywarner_f_kaseywarner_cec.jpg
Kassondra Raine,<change me>US/Kassondra Raine (US),http://www.iafd.com/graphics/headshots/kassondraraine_f_k.jpg
Kate Bloom,<change me>US/Kate Bloom (US),http://www.iafd.com/graphics/headshots/katebloom_f_52.jpg
Kate England,<change me>US/Kate England (US),http://www.iafd.com/graphics/headshots/kateengland_f_kate_england.jpg
Katie Kox,<change me>US/Katie Kox (US),http://www.iafd.com/graphics/headshots/katiekox_f_katiekox_na.jpg
Katie Kush,<change me>US/Katie Kush (US),http://www.iafd.com/graphics/headshots/katiekush_f_70.jpg
Katie St Ives,<change me>US/Katie St Ives (US),http://www.iafd.com/graphics/headshots/katiestives_f_36.jpg
Katie Thomas,<change me>US/Katie Thomas (US),http://www.iafd.com/graphics/headshots/paigeturner_f_paigeturner_socal.jpg
Katrina Jade,<change me>US/Katrina Jade (US),http://www.iafd.com/graphics/headshots/katrinajade_f_katrinajadeheadshot.jpg
Katy Kiss,<change me>US/Katy Kiss (US),http://www.iafd.com/graphics/headshots/katykiss_f_katykiss_.jpg
Keiko,<change me>US/Keiko (US),http://www.iafd.com/graphics/headshots/keiko_03_f_keiko.jpg
Keilani Kita,<change me>US/Keilani Kita (US),http://www.iafd.com/graphics/headshots/keilanikita_f_00.jpg
Keisha Grey,<change me>US/Keisha Grey (US),http://www.iafd.com/graphics/headshots/keishagrey_f_keisha_grey.jpg
Kelly Broox,<change me>US/Kelly Broox (US),http://www.iafd.com/graphics/headshots/kbroox_06_f_kellybroox_foxxmod.jpg
Kelsi Monroe,<change me>US/Kelsi Monroe (US),http://www.iafd.com/graphics/headshots/kelsimonroe_f_kelsimonroe.jpg
Kendra Lust,<change me>US/Kendra Lust (US),http://www.iafd.com/graphics/headshots/kendralust_f_kendra_lust_tushy.jpg
Kendra Lynn,<change me>US/Kendra Lynn (US),http://www.iafd.com/graphics/headshots/kendralynn_2014_f_kendralynn.jpg
Kendra Spade,<change me>US/Kendra Spade (US),http://www.iafd.com/graphics/headshots/kendraspade_f_c.jpg
Kendra Sunderland,<change me>US/Kendra Sunderland (US),http://www.iafd.com/graphics/headshots/kendrasunderland_f_42.jpg
Kenna James,<change me>US/Kenna James (US),http://www.iafd.com/graphics/headshots/kennajames_f_24.jpg
Kennedy Kressler,<change me>US/Kennedy Kressler (US),http://www.iafd.com/graphics/headshots/kennedykressler_f_w.jpg
Kennedy Leigh,<change me>US/Kennedy Leigh (US),http://www.iafd.com/graphics/headshots/kennedyleigh_f_twist.jpg
Kenzie Reeves,<change me>US/Kenzie Reeeves (US),http://www.iafd.com/graphics/headshots/kenziereeves_f_14.jpg
Kenzie Taylor,<change me>US/Kenzie Taylor (US),http://www.iafd.com/graphics/headshots/kenzietaylor_f_kenzie_taylor.jpg
Khloe Kapri,<change me>US/Khloe Kapri (US),http://www.iafd.com/graphics/headshots/khloekapri_f_2017619298_khloekapri.jpg
Kiara Diane,<change me>US/Kiara Diane (US),http://www.iafd.com/graphics/headshots/kiaradiane_f_kiaradinae_realitykings.jpg
Kierra Wilde,<change me>US/Kierra Wilde (US),http://www.iafd.com/graphics/headshots/kierrawilde_f_kier.jpg
Kimber Day,<change me>US/Kimber Day (US),http://www.iafd.com/graphics/headshots/kimberday_f_kimber_day.jpg
Kimber Lee,<change me>US/Kimber Lee (US),http://www.iafd.com/graphics/headshots/kimberlee_2014_f_kimber_lee_2014.jpg
Kimber Woods,<change me>US/Kimber Woods (US),http://www.iafd.com/graphics/headshots/kimberwoods_f_kimb.jpg
Kimberly Brix,<change me>US/Kimberly Brix (US),http://www.iafd.com/graphics/headshots/kimberlybrix_f_kimberly_brix.jpg
Kimberly Gates,<change me>US/Kimberly Gates (US),http://www.iafd.com/graphics/headshots/kimberlygates_f_kimberlygates_nickymilo.jpg
Kimberly Kane,<change me>US/Kimberly Kane (US),http://www.iafd.com/graphics/headshots/kimberlykane_f_kimberlykane_na.jpg
Kimberly Kole,<change me>US/Kimberly Kole (US),http://www.iafd.com/graphics/headshots/kimberlykole_f_kimberlykole_wifecravesblack.jpg
Kimberly Moss,<change me>US/Kimberly Moss (US),http://www.iafd.com/graphics/headshots/kimberlymoss_f_6.jpg
Kimmy Granger,<change me>US/Kimmy Granger (US),http://www.iafd.com/graphics/headshots/kimmygranger_rk.jpg
Kimmy Olsen,<change me>US/Kimmy Olsen (US),http://www.iafd.com/graphics/headshots/kimmyolsen_f_kimmyolsen_sexandsubmission.jpg
Kinsley Eden,<change me>US/Kinsley Eden (US),http://www.iafd.com/graphics/headshots/kinsleyeden_f_eden.jpg
Kira Noir,<change me>US/Kira Noir (US),http://www.iafd.com/graphics/headshots/kiranoir_f_kiranoirblacked.jpg
Kissy Kapri,<change me>US/Kissy Kapri (US),http://www.iafd.com/graphics/headshots/kissy_f_kissykapri_buttdivers.jpg
Kitty Catherine,<change me>US/Kitty Catherine (US),http://www.iafd.com/graphics/headshots/kittycatherine_f_40.jpg
Krissy Lynn,<change me>US/Krissy Lynn (US),http://www.iafd.com/graphics/headshots/krissylynn_f_26.jpg
Kristen Scott,<change me>US/Kristen Scott (US),http://www.iafd.com/graphics/headshots/kristenscott_f_41.jpg
Krystal Orchid,<change me>US/Krystal Orchid (US),http://www.iafd.com/graphics/headshots/krystalorchid_f_16.jpg
Kylee Lovit,<change me>US/Kylee Lovit (US),http://www.iafd.com/graphics/headshots/kyleelovit_f_kyleelovit_na.jpg
Kyler Quinn,<change me>US/Kyler Quinn (US),http://www.iafd.com/graphics/headshots/kylerquinn_f_0.jpg
Kylie Ireland,<change me>US/Kylie Ireland (US),http://www.iafd.com/graphics/headshots/kireland_f_kylieirelandhs.jpg
Kylie Page,<change me>US/Kylie Page (US),http://www.iafd.com/graphics/headshots/kyliepage_f_kylie%20page.jpg
Kylie Quinn,<change me>US/Kylie Quinn (US),http://www.iafd.com/graphics/headshots/kyliequinn_f_kylie_quinn_rk.jpg
Kymber Troy,<change me>US/Kymber Troy (US),http://www.iafd.com/graphics/headshots/jaymareid_f_jaymareid_f_reid.jpg
Kymberlee Anne,<change me>US/Kymberlee Anne (US),http://www.iafd.com/graphics/headshots/kymberleeanne_f_vbvbc.jpg
Lacey Channing,<change me>US/Jayde Symz (US),http://www.iafd.com/graphics/headshots/lacychanning_f_321.jpg
Lacy Channing,<change me>US/Jayde Symz (US),http://www.iafd.com/graphics/headshots/lacychanning_f_321.jpg
Lacy Lennon,<change me>US/Lacy Lennon (US),http://www.iafd.com/graphics/headshots/lacylennon_f_41.jpg
Lana Rhoades,<change me>US/Lana Rhoades (US),http://www.iafd.com/graphics/headshots/lanarhoades_na.jpg
Lara Brookes,<change me>US/Lara Brookes (US),http://www.iafd.com/graphics/headshots/larabrookes_f_larabrookes_cec.jpg
Larkin Love,<change me>US/Larkin Love (US),http://www.iafd.com/graphics/headshots/larkinlove_f_larkinlove_manojob.jpg
Laura Bentley,<change me>US/Laura Bentley (US),http://www.iafd.com/graphics/headshots/laurabentley_f_laurabently.jpg
Lauren Brice,<change me>US/Lauren Brice (US),http://www.iafd.com/graphics/headshots/lbrice_f_laurenbrice.jpg
Lauren Phillips,<change me>US/Lauren Phillips (US),http://www.iafd.com/graphics/headshots/laurenphillips_f_laurenphillips.jpg
Lauren Phoenix,<change me>US/Lauren Phoenix (US),http://www.iafd.com/graphics/headshots/laurenphoenix.jpg
Layla London,<change me>US/Layla London (US),http://www.iafd.com/graphics/headshots/laylalondon_f_41.jpg
Layna Landry,<change me>US/Layna Landry (US),http://www.iafd.com/graphics/headshots/LaynaLandry_bb.jpg
Leah Gotti,<change me>US/Leah Gotti (US),http://www.iafd.com/graphics/headshots/leahgotti_f_e.jpg
Leah Lee,<change me>US/Leah Lee (US),http://www.iafd.com/graphics/headshots/leahlee_f_1001.jpg
Lena Anderson,<change me>US/Lena Anderson (US),http://www.iafd.com/graphics/headshots/blaireivory_f_4hg4.jpg
Lena Paul,<change me>US/Lena Paul (US),http://www.iafd.com/graphics/headshots/lenapaul_f_1..jpg
Lennox Luxe,<change me>US/Lennox Luxe (US),http://www.iafd.com/graphics/headshots/lennoxluxe_f_lennox2.jpg
Lexi Belle,<change me>US/Lexi Belle (US),http://www.iafd.com/graphics/headshots/nollie06_f_367.jpg
Lexi Bloom,<change me>US/Lexi Bloom (US),http://www.iafd.com/graphics/headshots/lexibloom_na2.jpg
Lexi Swallow,<change me>US/Lexi Swallow (US),http://www.iafd.com/graphics/headshots/lexiswallow_f_lexiswallow_na.jpg
Lilith Lust,<change me>US/Lilith Lust (US),http://www.iafd.com/graphics/headshots/lilithlust_f_lilith-lust.jpg
Lilli Dixon,<change me>US/Lilli Dixon (US),http://www.iafd.com/graphics/headshots/lillidixon_f_lillidixon.jpg
Lilly Bell,<change me>US/Lilly Bell (US),http://www.iafd.com/graphics/headshots/lillybell_f_47.jpg
Lilly Ford,<change me>US/Lilly Ford (US),http://www.iafd.com/graphics/headshots/lillyford_f_9..jpg
Lilly Lit,<change me>US/Lilly Ford (US),http://www.iafd.com/graphics/headshots/lillyford_f_9..jpg
Lilly Sapphire,<change me>US/Lilly Sapphire (US),http://www.iafd.com/graphics/headshots/lillysapphire_f_lillysapphire.jpg
Lily LaBeau,<change me>US/Lily LaBeau (US),http://www.iafd.com/graphics/headshots/lilylabeau_f_liily-039.jpg
Lily Love,<change me>US/Lily Love (US),http://www.iafd.com/graphics/headshots/lilylove_12_f_lilylove_12.jpg
Lily Rader,<change me>US/Lily Rader (US),http://www.iafd.com/graphics/headshots/lilyrader_rk.jpg
Lindsey Cruz,<change me>US/Lindsey Cruz (US),http://www.iafd.com/graphics/headshots/lindseycruz_f_01.jpg
Lindsey Meadows,<change me>US/Lindsey Meadows (US),http://www.iafd.com/graphics/headshots/lindsaymeadows_f_lindseymeadows.jpg
Liv Revamped,<change me>US/Liv Revamped (US),http://www.iafd.com/graphics/headshots/livaguilera_f_livaguilera_manojob.jpg
Liv Wild,<change me>US/Liv Wild (US),http://www.iafd.com/graphics/headshots/livwild_f_k.jpg
Liz Tayler,<change me>US/Liz Tayler (US),http://www.iafd.com/graphics/headshots/lizztayler_f_0.jpg
Lucy Tyler,<change me>US/Lucy Tyler (US),http://www.iafd.com/graphics/headshots/lucytyler_f_69.jpg
Lyla Storm,<change me>US/Lyla Storm (US),http://www.iafd.com/graphics/headshots/lylastorm_f_lylastorm_na.jpg
Lylyth LaVey,<change me>US/Lylyth LaVey (US),http://www.iafd.com/graphics/headshots/lylithlavey_f_lylithlavey_brazzer.jpg
Lyra Law,<change me>US/Lyra Law (US),http://www.iafd.com/graphics/headshots/lyralouvel_f_lyralourel.jpg
Mackenzie Mace,<change me>US/Mackenzie Mace (US),http://www.iafd.com/graphics/headshots/mackenziemace_f_2210.jpg
Mackenzie Moss,<change me>US/Mackenzie Moss (US),http://www.iafd.com/graphics/headshots/mackenziemoss_f_dd.jpg
Madison Monroe,<change me>US/Madison Monroe (US),http://www.iafd.com/graphics/headshots/madisonmonroe_f_kyra090b.jpg
Mae Meyers,<change me>US/Mae Meyers (US),http://www.iafd.com/graphics/headshots/maemeyers_f_maemeyers_na.jpg
Mandy Muse,<change me>US/Mandy Muse (US),http://www.iafd.com/graphics/headshots/mandymuse_f_mandy_muse.jpg
Mandy Sweet,<change me>US/Mandy Sweet (US),http://www.iafd.com/graphics/headshots/mandysweet_f_mandysweet_karupow.jpg
Marie McCray,<change me>US/Marie McCray (US),http://www.iafd.com/graphics/headshots/mariemccray_f_marie_mccray_21s.jpg
Marilyn Mansion,<change me>US/Marilyn Mansion (US),http://www.iafd.com/graphics/headshots/marilynmansion_f_marilyn.jpg
Marley Brinx,<change me>US/Marley Brinx (US),http://www.iafd.com/graphics/headshots/marleybrinx_f_marleybrinx45.jpg
Marley Matthews,<change me>US/Marley Matthews (US),http://www.iafd.com/graphics/headshots/marleymatthews_f_marleymatthews.jpg
Marsha May,<change me>US/Marsha May (US),http://www.iafd.com/graphics/headshots/marshamay_f_marshamay44.jpg
Mary Jane Mayhem,<change me>US/Mary Jane Mayhem (US),http://www.iafd.com/graphics/headshots/maryjanemayhem_f_maryjanemayhem_onlyteenblowjob.jpg
Maryjane Johnson,<change me>US/Maryjane Johnson (US),http://www.iafd.com/graphics/headshots/maryjanejohnson_f_54.jpg
Maxim Law,<change me>US/Maxim Law (US),http://www.iafd.com/graphics/headshots/maximlaw_f_maximlaw_13.jpg
Maya Bijou,<change me>US/Maya Bijou (US),http://www.iafd.com/graphics/headshots/mayabijou_f_vbnxvbnbnxv.jpg
Maya Kendrick,<change me>US/Maya Kendrick (US),http://www.iafd.com/graphics/headshots/mayakendrick_f_v.jpg
Mazzy Grace,<change me>US/Mazzy Grace (US),http://www.iafd.com/graphics/headshots/mazzygrace_f_mazzy.jpg
Megan Jones,<change me>US/Megan Jones (US),http://www.iafd.com/graphics/headshots/meganjones_f_01.jpg
Megan Rain,<change me>US/Megan Rain (US),http://www.iafd.com/graphics/headshots/meganrain_f_meganrain.jpg
Megan Sage,<change me>US/Megan Sage (US),http://www.iafd.com/graphics/headshots/megansage_f_2625.jpg
Megan Winters,<change me>US/Megan Winters (US),http://www.iafd.com/graphics/headshots/meganwinters_f_40.jpg
Meggan Mallone,<change me>US/Meggan Mallone (US),http://www.iafd.com/graphics/headshots/megganmalone_f_20.jpg
Melissa Moore,<change me>US/Melissa Moore (US),http://www.iafd.com/graphics/headshots/melissamoore_f_melissamoore.jpg
Melody Marks,<change me>US/Melody Marks (US),http://www.iafd.com/graphics/headshots/melodymarks_f_4.jpg
Memphis Monroe,<change me>US/Memphis Monroe (US),http://www.iafd.com/graphics/headshots/memphismonroe_f_memphismonroe_bigleaguefacials.jpg
Mia Collins,<change me>US/Mia Collins (US),http://www.iafd.com/graphics/headshots/miacollins_f_2020.jpg
Mia Hurley,<change me>US/Mia Hurley (US),http://www.iafd.com/graphics/headshots/miahurley_f_miahurley.jpg
Mia Malkova,<change me>US/Mia Malkova (US),http://www.iafd.com/graphics/headshots/miamalkova_f_02.jpg
Mia Melano,<change me>US/Mia Melano (US),http://www.iafd.com/graphics/headshots/miamelano_f_re.jpg
Mia Scarlett,<change me>US/Mia Scarlett (US),http://www.iafd.com/graphics/headshots/scarlettd_f_52.jpg
Michele James,<change me>US/Michele James (US),http://www.iafd.com/graphics/headshots/michelejames_f_520.jpg
Miley Cole,<change me>US/Miley Cole (US),http://www.iafd.com/graphics/headshots/mileycole_f_mileycole.jpg
Missy Mae,<change me>US/Missy Mae (US),http://www.iafd.com/graphics/headshots/missymae_f_missymaehs.jpg
Molly Bennett,<change me>US/Molly Bennett (US),http://www.iafd.com/graphics/headshots/mollybennett_f_mollybennett_amk.jpg
Molly Jane,<change me>US/Molly Jane (US),http://www.iafd.com/graphics/headshots/mollyjane_f_molly_jane1.jpg
Molly Manson,<change me>US/Molly Manson (US),http://www.iafd.com/graphics/headshots/mollymanson_pmm.jpg
Mona Wales,<change me>US/Mona Wales (US),http://www.iafd.com/graphics/headshots/monawales_f_5.jpg
Monica Asis,<change me>US/Monica Asis (US),http://www.iafd.com/graphics/headshots/monicaasis_f_2..jpg
Moxxie Maddron,<change me>US/Moxxie Maddron (US),http://www.iafd.com/graphics/headshots/moxxemaddron_f_moxxiemaddron_gsm.jpg
Mylie Moore,<change me>US/Mylie Moore (US),http://www.iafd.com/graphics/headshots/myliemoore_f_myliemoore_own.jpg
Nadia Hilton,<change me>US/Nadia Hilton (US),http://www.iafd.com/graphics/headshots/nadiahilton_f_nadiahilton_new_c.jpg
Naomi Blue,<change me>US/Naomi Blue (US),http://www.iafd.com/graphics/headshots/naomiblue_f_52.jpg
Naomi Cruise,<change me>US/Naomi Cruise (US),http://www.iafd.com/graphics/headshots/naomicruz_f_36.jpg
Naomi Russell,<change me>US/Naomi Russell (US),http://www.iafd.com/graphics/headshots/naomi05_f_15.jpg
Naomi Swann,<change me>US/Naomi Swann (US),http://www.iafd.com/graphics/headshots/naomiswann_f_10.jpg
Naomi Woods,<change me>US/Naomi Woods (US),http://www.iafd.com/graphics/headshots/naomiwoods_pmm.jpg
Natalie Heart,<change me>US/Natalie Heart (US),http://www.iafd.com/graphics/headshots/jaslenejade_f_jaslenejade_exploitedcollegegirls.jpg
Natalie Knight,<change me>US/Natalie Knight (US),http://www.iafd.com/graphics/headshots/natalieknight_f_25.jpg
Natasha Nice,<change me>US/Natasha Nice (US),http://www.iafd.com/graphics/headshots/natashanice_f_25.jpg
Nautica Thorn,<change me>US/Nautica Thorn (US),http://www.iafd.com/graphics/headshots/nauticathorn_f_nautica2_set4_051.jpg
Naveen Ora,<change me>US/Naveen Ora (US),http://www.iafd.com/graphics/headshots/naveenora_f_naveenora.jpg
Nella Jay,<change me>US/Nella Jay (US),http://www.iafd.com/graphics/headshots/nellajay_f_nellajay_na.jpg
Nia Nacci,<change me>US/Nia Nacci (US),http://www.iafd.com/graphics/headshots/nianacci_f_25425.jpg
Nia Nixon,<change me>US/Nia Nixon (US),http://www.iafd.com/graphics/headshots/nianixon_f_6.jpg
Nickey Huntsman,<change me>US/Nickey Huntsman (US),http://www.iafd.com/graphics/headshots/nickeyhuntsman_f_45.jpg
Nicole Aniston,<change me>US/Nicole Aniston (US),http://www.iafd.com/graphics/headshots/nicoleaniston_f_nicoleaniston_na.jpg
Nicole Ray,<change me>US/Nicole Ray (US),http://www.iafd.com/graphics/headshots/nicoleray_f_nicole2.jpg
Niki Snow,<change me>US/Niki Snow (US),http://www.iafd.com/graphics/headshots/nikisnow_f_nikisnow.jpg
Nikki Rhodes,<change me>US/Nikki Rhodes (US),http://www.iafd.com/graphics/headshots/nikkicoxxx_f_40.jpg
Nina Nirvana,<change me>US/Nina Nirvana (US),http://www.iafd.com/graphics/headshots/ninanirvana_f_niva.jpg
Nina Skye,<change me>US/Nina Skye (US),http://www.iafd.com/graphics/headshots/ninaskye_f_nina.jpg
Noelle Easton,<change me>US/Noelle Easton (US),http://www.iafd.com/graphics/headshots/noelleeaston_f_noelle_easton.jpg
Nora Skyy,<change me>US/Nora Skyy (US),http://www.iafd.com/graphics/headshots/noraskyy_f_noraskyy_ocmod.jpg
Norah Nova,<change me>US/Norah Nova (US),http://www.iafd.com/graphics/headshots/norahnova_f_norah_nova.jpg
Olive Glass,<change me>US/Olive Glass (US),http://www.iafd.com/graphics/headshots/olive_2017_f_olive_17_naughtyamerica.jpg
Olivia Blu,<change me>US/Olivia Blu (US),http://www.iafd.com/graphics/headshots/oliviablu_f_oliviablu.jpg
Olivia Lua,<change me>US/Olivia Lua (US),http://www.iafd.com/graphics/headshots/olivialua_f_c.jpg
Olivia Nova,<change me>US/Olivia Nova (US),http://www.iafd.com/graphics/headshots/olivianova_f_1.jpg
Paige Owens,<change me>US/Paige Owens (US),http://www.iafd.com/graphics/headshots/paigeowens_18_f_10.jpg
Paisley Bennet,<change me>US/Paisley Bennett,http://www.iafd.com/graphics/headshots/paisleybennett_f_14.jpg
Paisley Porter,<change me>US/Paisley Porter,http://www.iafd.com/graphics/headshots/paisleyporter_f_36.jpg
Paisley Rae,<change me>US/Paisley Rae (US),http://www.iafd.com/graphics/headshots/paisleyrae_f_022.jpg
Paulina James,<change me>US/Paulina James (US),http://www.iafd.com/graphics/headshots/paulinajames_f_pict2082.jpg
Penelope Lynn,<change me>US/Penelope Lynn (US),http://www.iafd.com/graphics/headshots/penelopelynn_f_penelope_lynn.jpg
Penny Brooks,<change me>US/Penny Brooks (US),http://www.iafd.com/graphics/headshots/pennybrooks_f_pennybrooks_naughtymag.jpg
Penny Flame,<change me>US/Penny Flame (US),http://www.iafd.com/graphics/headshots/pennyflame_f_penny-flame-2.jpg
Penny Pax,<change me>US/Penny Pax (US),http://www.iafd.com/graphics/headshots/pennypax_f_pennypax_na.jpg
Pepper Hart,<change me>US/Pepper Hart (US),http://www.iafd.com/graphics/headshots/pepperhart_f_00.jpg
Piper Perri,<change me>US/Piper Perri (US),http://www.iafd.com/graphics/headshots/piperperri_f_piperperri.jpg
Presley Dawson,<change me>US/Presley Dawson (US),http://www.iafd.com/graphics/headshots/presleydawson_f_presley_dawson.jpg
Presley Hart,<change me>US/Presley Hart (US),http://www.iafd.com/graphics/headshots/presleyhart_f_presleyhart_na.jpg
Proxy Paige,<change me>US/Proxy Paige (US),http://www.iafd.com/graphics/headshots/proxypaige_f_proxypaige_manojob.jpg
Quinn Wilde,<change me>US/Quinn Wilde (US),http://www.iafd.com/graphics/headshots/quinnwilde_f_quinnwilde.jpg
Rachele Richey,<change me>US/Rachele Richey (US),http://www.iafd.com/graphics/headshots/rachelerichey_f_df.jpg
Rae Lil Black,<change me>US/Rae Lil Black (US),http://www.iafd.com/graphics/headshots/raelilblack_f_4.jpg
Raven Alexis,<change me>US/Raven Alexis (US),http://www.iafd.com/graphics/headshots/ravenelexis_f_ravenalexis_kenmarcus.jpg
Raven Redmond,<change me>US/Raven Redmond (US),http://www.iafd.com/graphics/headshots/ravenredmond_f_ravenredmond_f_000.jpg
Raylin Ann,<change me>US/Raylin Ann (US),http://www.iafd.com/graphics/headshots/raylinann_f_raylin_ann_brazz.jpg
Rebecca Blue,<change me>US/Rebecca Blue (US),http://www.iafd.com/graphics/headshots/rebeccablue_f_02.jpg
Rebecca Love,<change me>US/Rebecca Love (US),http://www.iafd.com/graphics/headshots/rebeccalove_f_rebeccalove_ownsite.jpg
Rebel Lynn,<change me>US/Rebel Lynn (US),http://www.iafd.com/graphics/headshots/rebellynn_f_rebel_lynn_tushy.jpg
Remy Lacroix,<change me>US/Remy Lacroix (US),http://www.iafd.com/graphics/headshots/remylacroix_f_remylacroix_101mod.jpg
Riley Nixon,<change me>US/Riley Nixon (US),http://www.iafd.com/graphics/headshots/rileycruise_f_dd110.jpg
Riley Reid,<change me>US/Riley Reid (US),http://www.iafd.com/graphics/headshots/rileyreid_morbid.jpg
Riley Reyes,<change me>US/Riley Reyes (US),http://www.iafd.com/graphics/headshots/rileyreynolds_f_41_z.jpg
Riley Reynolds,<change me>US/Riley Reynolds (US),http://www.iafd.com/graphics/headshots/rileyreynolds_f_41_z.jpg
Riley Star,<change me>US/Riley Star (US),http://www.iafd.com/graphics/headshots/rileystar_f_6.jpg
Riley Steele,<change me>US/Riley Steele (US),http://www.iafd.com/graphics/headshots/rileysteele_f_rileysteele_ign.jpg
Rilynn Rae,<change me>US/Rilynn Rae (US),http://www.iafd.com/graphics/headshots/rilynnrae_f_01.jpg
River Fox,<change me>US/River Fox (US),http://www.iafd.com/graphics/headshots/riverfox_f_525.jpg
Rose Red,<change me>US/Rose Red (US),http://www.iafd.com/graphics/headshots/rosered_f_roseredtyrell45.jpg
Roxetta,<change me>US/Roxetta (US),http://www.iafd.com/graphics/headshots/roxetta_f_roxetta_bustyandreal_c.jpg
Rucca Page,<change me>US/Rucca Page (US),http://www.iafd.com/graphics/headshots/ruccapage_f_rucca02.jpg
Ryan Conner,<change me>US/Ryan Conner (US),http://www.iafd.com/graphics/headshots/ryanconner_perf.jpg
Ryan Smiles,<change me>US/Ryan Smiles (US),http://www.iafd.com/graphics/headshots/ryansmiles_f_ryansmiles.jpg
Ryann Shields,<change me>US/Ryann Shields (US),http://www.iafd.com/graphics/headshots/ryannshields_f_ryann_shields.jpg
Sadie Kennedy,<change me>US/Sadie Kennedy (US),http://www.iafd.com/graphics/headshots/sadiekennedy_f_sadiekennedy.jpg
Samantha Hayes,<change me>US/Samantha Hayes (US),http://www.iafd.com/graphics/headshots/samanthahayes_f_2015125165550_samantha.jpg
Samantha Rone,<change me>US/Samantha Rone (US),http://www.iafd.com/graphics/headshots/samantharone_f_16.jpg
Samantha Saint,<change me>US/Samantha Saint (US),http://www.iafd.com/graphics/headshots/samanthasaint_f_b.jpg
Sandy Sweet,<change me>US/Sandy Sweet (US),http://www.iafd.com/graphics/headshots/sandysweet_f_sandysweet_realitykings.jpg
Sara Stone,<change me>US/Sara Stone (US),http://www.iafd.com/graphics/headshots/sarastone_f_sarastone_wantboobs.jpg
Sarah Shevon,<change me>US/Sarah Shevon (US),http://www.iafd.com/graphics/headshots/sarahshevon_f_sarahshevon_digitalsin.jpg
Sasha Grey,<change me>US/Sasha Grey (US),http://www.iafd.com/graphics/headshots/sashagrey_f_sashagrey_freaksofcock_c.jpg
Sasha Knox,<change me>US/Sasha Knox (US),http://www.iafd.com/graphics/headshots/sashaknox_f_sashaknox_dreambabes.jpg
Sasha Summers,<change me>US/Sasha Summers (US),http://www.iafd.com/graphics/headshots/sashasummers_f_sasha.jpg
Savannah Sixx,<change me>US/Savannah Sixx (US),http://www.iafd.com/graphics/headshots/savannahsixx_f_fcd.jpg
Scarlett Bloom,<change me>US/Scarlett Bloom (US),http://www.iafd.com/graphics/headshots/scarlettbloom_f_00.jpg
Scarlett Fay,<change me>US/Scarlett Fay (US),http://www.iafd.com/graphics/headshots/scarlettefay_f_scarlettfay_metrotalent.jpg
Scarlett Mae,<change me>US/Scarlett Mae (US),http://www.iafd.com/graphics/headshots/scarlettmae_f_1..jpg
Scarlit Scandal,<change me>US/Scarlit Scandal (US),http://www.iafd.com/graphics/headshots/scarlitscandal_f_250.jpg
Serena Ali,<change me>US/Serena Ali (US),http://www.iafd.com/graphics/headshots/serenaali_f_serenaali_atkexo.jpg
Shae Celestine,<change me>US/Shae Celestine (US),http://www.iafd.com/graphics/headshots/shaecelestine_f_32.jpg
Sheena Ryder,<change me>US/Sheena Ryder (US),http://www.iafd.com/graphics/headshots/sheenaryder_f_sheenaryder_f_8.jpg
Sierra Nicole,<change me>US/Sierra Nicole (US),http://www.iafd.com/graphics/headshots/sierranicole_f_sierra_.jpg
Sierra Sanders,<change me>US/Sierra Sanders (US),http://www.iafd.com/graphics/headshots/sierrasanders_f_ss.jpg
Sierra Sinn,<change me>US/Sierra Sinn (US),http://www.iafd.com/graphics/headshots/sierrasinn_f_sierrasinn.jpg
Siri,<change me>US/Siri (US),http://www.iafd.com/graphics/headshots/siri_12_f_siri_na.jpg
Skye Blue,<change me>US/Skye Blue (US),http://www.iafd.com/graphics/headshots/skyeblue_f_2.jpg
Skylar Vox,<change me>US/Skylar Vox,http://www.iafd.com/graphics/headshots/dylannvox_f_0cv2.jpg
Dylann Vox,<change me>US/Skylar Vox,http://www.iafd.com/graphics/headshots/dylannvox_f_0cv2.jpg
Sky Pierce,<change me>US/Sky Pierce (US),http://www.iafd.com/graphics/headshots/skypierce_f_2552.jpg
Sloan Harper,<change me>US/Sloan Harper (US),http://www.iafd.com/graphics/headshots/sloanharper_f_s.jpg
Sofi Ryan,<change me>US/Sofi Ryan (US),http://www.iafd.com/graphics/headshots/sofiryan_f_khj.jpg
Sofie Reyez,<change me>US/Sofie Reyez (US),http://www.iafd.com/graphics/headshots/sofiereyez_f_0fg1.jpg
Sophia Leone,<change me>US/Sophia Leone (US),http://www.iafd.com/graphics/headshots/sophialeone_f_sohialeone.jpg
Sophia Lux,<change me>US/Sophia Lux (US),http://www.iafd.com/graphics/headshots/sophialux_excogi.jpg
Sovereign Syre,<change me>US/Sovereign Syre (US),http://www.iafd.com/graphics/headshots/sovereignsyre_jmd.jpg
Stacey Hopkins,<change me>US/Stacey Hopkins (US),http://www.iafd.com/graphics/headshots/staceyhopkins_f_staceyhopkins_rk.jpg
Stacie Jaxxx,<change me>US/Stacie Jaxxx (US),http://www.iafd.com/graphics/headshots/staciejaxxx_f_52.jpg
Stacy Sweet,<change me>US/Stacy Sweet (US),http://www.iafd.com/graphics/headshots/stacysweet_2015_f_stacy_sweet_2015.jpg
Stella Daniels,<change me>US/Stella Daniels (US),http://www.iafd.com/graphics/headshots/stelladaniels_f_01.jpg
Stephanie Wylde,<change me>US/Stephanie Wylde (US),http://www.iafd.com/graphics/headshots/stephaniewylde_f_021.jpg
Stevie Shae,<change me>US/Stevie Shae (US),http://www.iafd.com/graphics/headshots/stevieshae_f_stevieshae_amateursraw.jpg
Stormy Daniels,<change me>US/Stormy Daniels (US),http://www.iafd.com/graphics/headshots/stormydaniels_f_p9.jpg
Stoya,<change me>US/Stoya (US),http://www.iafd.com/graphics/headshots/stoya_f_stoya_fetishbyanna.jpg
Summer Brooks,<change me>US/Summer Brooks (US),http://www.iafd.com/graphics/headshots/summerbrooks_f_52.jpg
Summer Day,<change me>US/Summer Day (US),http://www.iafd.com/graphics/headshots/summerday_2015_f_1553.jpg
Summer Hart,<change me>US/Summer Hart (US),http://www.iafd.com/graphics/headshots/summerhart_f_2gb5.jpg
Summer Rae,<change me>US/Summer Rae (US),http://www.iafd.com/graphics/headshots/summerrae_f_fhh.jpg
Summer Sinn,<change me>US/Summer Sinn (US),http://www.iafd.com/graphics/headshots/summersinn_f_summersinn_na.jpg
Sunny Hart,<change me>US/Sunny Hart (US),http://www.iafd.com/graphics/headshots/sunnyhart_f_0011001.jpg
Sunny Lane,<change me>US/Sunny Lane (US),http://www.iafd.com/graphics/headshots/sunnylane_f_sunny-lane-7.jpg
Sydney Cole,<change me>US/Sydney Cole (US),http://www.iafd.com/graphics/headshots/sydneycole_f_sydney_cole.jpg
Tali Dova,<change me>US/Tali Dova (US),http://www.iafd.com/graphics/headshots/talidova_f_tali_dova_blacked.jpg
Tara Lynn Foxx,<change me>US/Tara Lynn Foxx (US),http://www.iafd.com/graphics/headshots/taralynnfoxx_f_133.jpg
Taylor Vixen,<change me>US/Taylor Vixen (US),http://www.iafd.com/graphics/headshots/taylorvixen_f_taylorvixen_aziani.jpg
Taylor Whyte,<change me>US/Taylor Whyte (US),http://www.iafd.com/graphics/headshots/taylorwhyte_f_taylorwhyte44.jpg
Teanna Trump,<change me>US/Teanna Trump (US),http://www.iafd.com/graphics/headshots/teannatrump_f_teanna_trump.jpg
Tera Wray,<change me>US/Tera Wray (US),http://www.iafd.com/graphics/headshots/tarawray_f_terawray_pleasureprod_c.jpg
Tessa Lane,<change me>US/Tessa Lane (US),http://www.iafd.com/graphics/headshots/tessalane_f_tessalane_f_tessalane_idealman.jpg
Tessa Taylor,<change me>US/Tessa Taylor (US),http://www.iafd.com/graphics/headshots/tessataylor_f_tessataylor_na.jpg
Tiff Bannister,<change me>US/Tiff Bannister (US),http://www.iafd.com/graphics/headshots/tiffbannister_na.jpg
Tiffany Fox,<change me>US/Tiffany Fox (US),http://www.iafd.com/graphics/headshots/tiffanydgore_f_tiffanny-015.jpg
Tiffany Thompson,<change me>US/Tiffany Thompson (US),http://www.iafd.com/graphics/headshots/tiffanythompson_f_tiffanythompson_digitaldesires.jpg
Tiffany Tyler,<change me>US/Tiffany Tyler (US),http://www.iafd.com/graphics/headshots/tiffanytyler_f_777.jpg
Tiffany Watson,<change me>US/Tiffany Watson (US),http://www.iafd.com/graphics/headshots/tiffanywatson_f_tiffanywtson.jpg
Tomi Taylor,<change me>US/Tomi Taylor (US),http://www.iafd.com/graphics/headshots/tomitaylor_f_47.jpg
Tori Black,<change me>US/Tori Black (US),http://www.iafd.com/graphics/headshots/toriblack_07_f_012.jpg 
Tricia Oaks,<change me>US/Tricia Oaks (US),http://www.iafd.com/graphics/headshots/triciaoaks_f_triciaoaks.jpg
Trina Michaels,<change me>US/Trina Michaels (US),http://www.iafd.com/graphics/headshots/trinamichaels_f_we.jpg
Tristan Berrimore,<change me>US/Tristan Berrimore (US),http://www.iafd.com/graphics/headshots/tristanberrimore_f_tristanberrimore_karupsha.jpg
Tweety Valentine,<change me>US/Tweety Valentine (US),http://www.iafd.com/graphics/headshots/tweetvalentine_f_tweetyvalentine_rk.jpg
Uma Jolie,<change me>US/Uma Jolie (US),http://www.iafd.com/graphics/headshots/umajolie_f_201521221823_nice.jpg
Vanessa Cage,<change me>US/Vanessa Cage (US),http://www.iafd.com/graphics/headshots/vanessacage_f_vanessa_cage_twistys.jpg
Vanessa Decker,<change me>US/Vanessa Decker (US),http://www.iafd.com/graphics/headshots/vanessadecker_f_vanessa_decker_ddf.jpg
Vanna Bardot,<change me>US/Vanna Bardot (US),http://www.iafd.com/graphics/headshots/vannabardot_f_e.jpg
Vera Vaughn,<change me>US/Vera Vaughn (US),http://www.iafd.com/graphics/headshots/veravaughn_f_vera-112.jpg
Veronica Radke,<change me>US/Veronika Radke (US),http://www.iafd.com/graphics/headshots/veronicaradke_f_veronicaradke48.jpg
Veronica Vain,<change me>US/Veronica Vain (US),http://www.iafd.com/graphics/headshots/VeronicaVain_alexlom.jpg
Veruca James,<change me>US/Veruca James (US),http://www.iafd.com/graphics/headshots/verucajames_f_0.jpg
Vicki Chase,<change me>US/Vicki Chase (US),http://www.iafd.com/graphics/headshots/vickichase_f_02.jpg
Vicky Vixen,<change me>US/Vicky Vixen (US),http://www.iafd.com/graphics/headshots/vickyvixen_f_vickyvixen_rk.jpg
Victoria Lawson,<change me>US/Victoria Lawson (US),http://www.iafd.com/graphics/headshots/victorialawson_f_victorialawson_na1.jpg
Victoria Rae Black,<change me>US/Victoria Rae Black (US),http://www.iafd.com/graphics/headshots/victoriaraeblack_f_victoriaraeblack_na.jpg
Victoria White,<change me>US/Victoria White (US),http://www.iafd.com/graphics/headshots/victoriawhite_f_26.jpg
Victoria Voxxx,<change me>US/Victoria Voxxx (US),http://www.iafd.com/graphics/headshots/victoriavoxxx_f_5.jpg
Vienna Black,<change me>US/Vienna Black (US),http://www.iafd.com/graphics/headshots/viennablack_f_10.jpg
Vienna Rose,<change me>US/Vienna Rose (US),http://www.iafd.com/graphics/headshots/viennarose_f_vcxxcv.jpg
Vina Sky,<change me>US/Vina Sky (US),http://www.iafd.com/graphics/headshots/vinasky_f_1.jpg
Violet Monroe,<change me>US/Violet Monroe (US),http://www.iafd.com/graphics/headshots/violetmonroe_f_violetmonroe44.jpg
Violet Myers,<change me>US/Violet Myers (US),http://www.iafd.com/graphics/headshots/violetmyers_f_ed.jpg
Violet Starr,<change me>US/Violet Starr (US),http://www.iafd.com/graphics/headshots/violetstarr_f_201671503957_violet_starr_ftvgirls.jpg
Vixen Vogel,<change me>US/Vixen Vogel (US),http://www.iafd.com/graphics/headshots/vixen_06_f_vixen_dpoverload.jpg
Whitney Westgate,<change me>US/Whitney Westgate (US),http://www.iafd.com/graphics/headshots/whitneywestgate_bz.jpg
Whitney Wright,<change me>US/Whitney Wright (US),http://www.iafd.com/graphics/headshots/whitneywright_f_whitneywright.jpg
Winter Jade,<change me>US/Winter Jade (US),http://www.iafd.com/graphics/headshots/winterspice_f_210.jpg
Zoe Holiday,<change me>US/Zoe Holiday (US),http://www.iafd.com/graphics/headshots/zoeholiday_f_zoeholiday_na.jpg
Zoey Monroe,<change me>US/Zoey Monroe (US),http://www.iafd.com/graphics/headshots/zoeymonroe_f_zoey_monroe_tushy.jpg
Zoey Nixon,<change me>US/Zoey Nixon (US),http://www.iafd.com/graphics/headshots/zoeynixon_f_0.jpg
Zoey Paige,<change me>US/Zoey Paige (US),http://www.iafd.com/graphics/headshots/zoeypaige_f_zoey%20paige.jpg
Sami White,<change me>US/Joey and Sami White (US),http://www.iafd.com/graphics/headshots/joeywhite_f_5452.jpg
Joey White,<change me>US/Joey and Sami White (US),http://www.iafd.com/graphics/headshots/joeywhite_f_5452.jpg
